throughput_mbps,packet_drop_percentage,buffer_utilization_percentage,node_temperature_celsius,timestamp,dynamic_operational_label
0.6021159145562072,0.0037777947445808,0.5460636317885773,0.4038044756336498,2026-07-14 09:00:00,0
0.5268338775163487,0.0856051476989095,0.4280414843403893,0.3832299939623502,2026-07-14 09:00:01,0
0.6200151978712745,0.2581859137508173,0.2610908279060499,0.5597494421817779,2026-07-14 09:00:02,0
0.723794274331718,0.0785634542683976,0.4537627210048995,0.4238872816902543,2026-07-14 09:00:03,0
0.5154654212493318,0.1460091110717434,0.1746737050375408,0.4588643712703812,2026-07-14 09:00:04,0
0.5154673677145606,0.1840569221030583,0.2321369453323459,0.5994961074117295,2026-07-14 09:00:05,0
0.7304552367314157,0.0220904117420364,0.6177262877818419,0.1757038100129662,2026-07-14 09:00:06,0
0.6342121160986529,0.0203350613666897,0.1952904838390958,0.692069232048663,2026-07-14 09:00:07,0
0.487566135902556,0.0805953128617823,0.3162197092730643,0.4927928698843633,2026-07-14 09:00:08,0
0.6075513305292045,0.0451851997042883,0.5993024814243183,0.4153340719154226,2026-07-14 09:00:09,0
0.4882842078197731,0.1563749788120874,0.4763950760096661,0.4668895273858235,2026-07-14 09:00:10,0
0.4880100935683994,0.1965962389961107,0.0414699013314977,0.4751547296920577,2026-07-14 09:00:11,0
0.571912936095112,0.0372180705267687,0.0988068712420939,0.2042052678834043,2026-07-14 09:00:12,0
0.3163908063794654,0.0230682823087829,0.004843131476106,0.7203276970844068,2026-07-14 09:00:13,0
0.3387227548016485,0.1294644910139261,0.4246504993390793,0.4877766692824701,2026-07-14 09:00:14,0
0.4765623570402543,0.0274215323216172,0.3011848302859419,0.5520374515599875,2026-07-14 09:00:15,0
0.4231466244443509,0.14764209381914,0.0900289778437091,0.6333956324051724,2026-07-14 09:00:16,0
0.5804829381258712,0.0470477748801136,0.6449787748693522,0.3177983008118419,2026-07-14 09:00:17,0
0.4355723812203434,0.0940113341290074,0.356424030984138,0.5569120488395343,2026-07-14 09:00:18,0
0.3757857896928213,0.0085613845117633,0.1625381274156473,0.4383477297783948,2026-07-14 09:00:19,0
0.716991263733341,0.0834695326817227,0.3368471177167886,0.6166329384499849,2026-07-14 09:00:20,0
0.5164585938661767,0.0513049183952315,0.4574616959811682,0.1408484417054758,2026-07-14 09:00:21,0
0.5512323101664115,0.0754072071116306,0.0509268103806976,0.465312087083789,2026-07-14 09:00:22,0
0.3743103913302953,0.0156927526338133,0.1846445889015601,0.3847252222612121,2026-07-14 09:00:23,0
0.4786851222505182,0.113977259952116,0.543261944005654,0.5503193821709425,2026-07-14 09:00:24,0
0.55637707953461,0.1695725066849353,0.3092642026740426,0.5563636786108939,2026-07-14 09:00:25,0
0.4067663029649397,0.0208452946565062,0.3678223337454695,0.3679583298043756,2026-07-14 09:00:26,0
0.5877684338309855,0.008578305734632,0.2911744724978918,0.3672307391442548,2026-07-14 09:00:27,0
0.4720155043405236,0.0020309293406465,0.0291378559781276,0.4634609309789339,2026-07-14 09:00:28,0
0.5086435257680433,0.0876829444998658,0.1112355690244263,0.3377192258379438,2026-07-14 09:00:29,0
0.4718888931674796,0.0797464861154633,0.2997485147828342,0.6158670945634754,2026-07-14 09:00:30,0
0.7628294331912714,0.067538454805532,0.1405008559871801,0.4220990379029534,2026-07-14 09:00:31,0
0.541626063940212,0.0225192264242972,0.033233709291867,0.0161011907246282,2026-07-14 09:00:32,0
0.4178257456133771,0.042316976521888,0.5679783227209962,0.421200765159146,2026-07-14 09:00:33,0
0.640745891861924,0.0770478082832313,0.6606493917445679,0.31501760538473,2026-07-14 09:00:34,0
0.3984849893011239,0.0586170878037178,0.533948798735637,0.2201914907678899,2026-07-14 09:00:35,0
0.5679888095701187,0.3760859125536333,0.5748070677871362,0.2832000470154536,2026-07-14 09:00:36,0
0.3108908959764264,0.0125126012926562,0.1625946130112883,0.4986686596025667,2026-07-14 09:00:37,0
0.3857586449680626,0.1014094340490937,0.6467931161730501,0.6937232006497465,2026-07-14 09:00:38,0
0.5665658289334327,0.0442180625093332,0.1322407026691628,0.5312690366706803,2026-07-14 09:00:39,0
0.6307776983424491,0.0477113276829563,0.6405964215944712,0.3841360534448657,2026-07-14 09:00:40,0
0.5635434247151944,0.1079412331954093,0.6698305794454921,0.554101542379041,2026-07-14 09:00:41,0
0.5295151967839511,0.1006542748647049,0.4790911021288112,0.4077194090880409,2026-07-14 09:00:42,0
0.5075278975395696,0.4046235131939167,0.6606165139602327,0.370042172080971,2026-07-14 09:00:43,0
0.367935054514646,0.0117208579111952,0.383293671834975,0.2964887400677871,2026-07-14 09:00:44,0
0.4578826873950836,0.0093746210843435,0.1744289975585836,0.20090525031966,2026-07-14 09:00:45,0
0.488613672381076,0.1100039353095131,0.2939907164954213,0.4187847815427807,2026-07-14 09:00:46,0
0.6685570056621686,0.0737258887453514,0.3994781986472745,0.5064509593646238,2026-07-14 09:00:47,0
0.5839651121369541,0.0273455868220686,0.0487993037889418,0.4657073420508735,2026-07-14 09:00:48,0
0.3342030327513753,0.0070535117061325,0.4188706201831999,0.4146183496329971,2026-07-14 09:00:49,0
0.5816491541620399,0.0076340915453473,0.6606394925718104,0.3298635241470364,2026-07-14 09:00:50,0
0.4975715298992796,0.1917555427841573,0.1276469608244914,0.5784734334758852,2026-07-14 09:00:51,0
0.4629714762160056,0.0181762965407316,0.5335797407524562,0.2704486817290008,2026-07-14 09:00:52,0
0.6157456427945476,0.033339604397822,0.6112669042904437,0.6053153940255172,2026-07-14 09:00:53,0
0.6654599393974784,0.0219331270310816,0.6353894471676759,0.3208292192566859,2026-07-14 09:00:54,0
0.6536373653095229,0.0374262844295254,0.6464620493030563,0.3607896669190582,2026-07-14 09:00:55,0
0.4437299767806457,0.0061314967176861,0.3508991303418126,0.246506936849137,2026-07-14 09:00:56,0
0.5065665452861162,0.0624855751923717,0.6580320840672583,0.4009503007729198,2026-07-14 09:00:57,0
0.5825003397752059,0.005965479757228,0.5098061320739831,0.6371972212973649,2026-07-14 09:00:58,0
0.658885354355986,0.1375499351069403,0.1084877386706565,0.5636562564830996,2026-07-14 09:00:59,0
0.4864161368656038,0.0227156487579716,0.3208766389115878,0.6376947081322824,2026-07-14 09:01:00,0
0.5212148400633023,0.0662884726703391,0.4835435662914575,0.564698448735621,2026-07-14 09:01:01,0
0.4120609560581083,0.1810666996477818,0.1662081202145867,0.304598653268946,2026-07-14 09:01:02,0
0.4014059159615686,0.0898335378888119,0.4311815332874516,0.4282452008230866,2026-07-14 09:01:03,0
0.6395580444985846,0.0649891138664173,0.4486894215425219,0.3563479596945909,2026-07-14 09:01:04,0
0.7040199372429436,0.0334611002140566,0.1091805725873252,0.6940326168686828,2026-07-14 09:01:05,0
0.534688867822163,0.0345634941051609,0.3802924239761355,0.2897013712275211,2026-07-14 09:01:06,0
0.6622035400075887,0.09451024768618,0.5194521740482421,0.6241403734836259,2026-07-14 09:01:07,0
0.5861012662391651,0.4387837258966384,0.3356963962160824,0.6240213762083435,2026-07-14 09:01:08,0
0.4667418999572073,0.0925572107811903,0.007714383068529,0.7738705993401687,2026-07-14 09:01:09,0
0.5860727624804353,0.0696523996744692,0.0056495418423947,0.4156230866846364,2026-07-14 09:01:10,0
0.7255734460421709,0.1119815040309329,0.2401123499294787,0.5951236560893371,2026-07-14 09:01:11,0
0.538978795171424,0.0534237034988289,0.6235935535769157,0.8461872685995013,2026-07-14 09:01:12,0
0.7287279402972568,0.0052841703999108,0.1536333505132567,0.3823541340408241,2026-07-14 09:01:13,0
0.2326334546696459,0.0705282617387579,0.4269695176786569,0.2355873949496942,2026-07-14 09:01:14,0
0.6406697290219837,0.2698828221194284,0.1491859130926082,0.1803986337570078,2026-07-14 09:01:15,0
0.5535464356286016,0.0164440067487771,0.2162885829804721,0.5951860279361036,2026-07-14 09:01:16,0
0.5077764368879368,0.0999820313618047,0.570937769370309,0.1798962641926065,2026-07-14 09:01:17,0
0.5541052853979086,0.019139547401598,0.4906384533271405,0.4216011992783937,2026-07-14 09:01:18,0
0.3075832596580592,0.0655153605621752,0.0638361181816545,0.5511273262342176,2026-07-14 09:01:19,0
0.5171823233346703,0.0086691702094221,0.2884026308791327,0.5107899833286873,2026-07-14 09:01:20,0
0.5855649727722076,0.0510876781089643,0.0192132304185631,0.5492286149219234,2026-07-14 09:01:21,0
0.7184430441863151,0.1204774742565495,0.3235649738132866,0.516727585308379,2026-07-14 09:01:22,0
0.4817809795191914,0.0364491033208734,0.4458822168020303,0.685760122371315,2026-07-14 09:01:23,0
0.4473725559784383,0.0933364940121413,0.079402260391207,0.3288123949233204,2026-07-14 09:01:24,0
0.4837387552837124,0.1354770308594741,0.1941992823210043,0.3728586821391642,2026-07-14 09:01:25,0
0.6517548946796868,0.2236538018469356,0.2676067197787785,0.3575541691300681,2026-07-14 09:01:26,0
0.5822024828993811,0.0228193289808568,0.6191042520842949,0.6139806121144717,2026-07-14 09:01:27,0
0.4804187450877655,0.0435040140293259,0.6687766289936755,0.6252123929172737,2026-07-14 09:01:28,0
0.6040784451547985,0.0141069100915389,0.0298192688182899,0.5533530091095913,2026-07-14 09:01:29,0
0.5547356335383371,0.4175383467191076,0.5122975105096127,0.6705023496002509,2026-07-14 09:01:30,0
0.6580672851209008,0.2234467115783963,0.250013086225011,0.292700667808683,2026-07-14 09:01:31,0
0.4599919736759866,0.0662783049131145,0.2639829351740997,0.7478902399211371,2026-07-14 09:01:32,0
0.5043791697687732,0.1575408890814287,0.5077543711900131,0.7248552347474306,2026-07-14 09:01:33,0
0.4967385535887491,0.0628232102395261,0.6183600203227058,0.5988511975365611,2026-07-14 09:01:34,0
0.3697142656075198,0.0834074447226513,0.6402587217112131,0.7662200803077672,2026-07-14 09:01:35,0
0.578333823211976,0.0079583629624415,0.3884026738999883,0.2161363786068801,2026-07-14 09:01:36,0
0.5741765719239292,0.1201654019516312,0.2401742115521981,0.3972633703389796,2026-07-14 09:01:37,0
0.543832516766741,0.0116541964330052,0.530179920384783,0.3635304331219222,2026-07-14 09:01:38,0
0.5154139955124789,0.1493205909695728,0.1686748060252489,0.5965886323479443,2026-07-14 09:01:39,0
0.375422166216784,0.642313500916467,0.7164917443840132,0.31316231368907,2026-07-14 09:01:40,0
0.4933552320804538,0.6175683200597132,0.5780367697362914,0.6023504957794765,2026-07-14 09:01:41,0
0.5025945846965256,0.5153954577487584,0.7788531056016003,0.700425673350991,2026-07-14 09:01:42,0
0.4481095546256093,0.5430852663192547,0.4984119553233399,0.59238489240207,2026-07-14 09:01:43,0
0.5241044956512385,0.538318330815079,0.4655283801002138,0.5265602310925916,2026-07-14 09:01:44,0
0.5911299013291964,0.5503718776662923,0.9551144784255816,0.3231239414395119,2026-07-14 09:01:45,0
0.7668494782303633,0.5200820851495166,0.40503184353063,0.345684903215552,2026-07-14 09:01:46,0
0.5639239416891992,0.7482290838398815,0.6773353471015197,0.6810811600798088,2026-07-14 09:01:47,0
0.5737610387449092,0.5811496971320347,0.4852425280727582,0.6058467067768425,2026-07-14 09:01:48,0
0.5344000839320774,0.5433793119799205,0.3626699601550336,0.4749229366878267,2026-07-14 09:01:49,0
0.3157398056211308,0.5554353506738358,0.3607085430929015,0.4143075668482145,2026-07-14 09:01:50,0
0.5400828305052391,0.5628594147821752,0.4544981157522146,0.1570736863325927,2026-07-14 09:01:51,0
0.5503670715000696,0.5906081673463532,0.9204368350048516,0.3098488295640336,2026-07-14 09:01:52,0
0.8352643461445849,0.5741500770237896,0.5267637198998406,0.7869569023492109,2026-07-14 09:01:53,0
0.5204202629963729,0.7272438877566433,0.9768231262466908,0.2763162166356485,2026-07-14 09:01:54,0
0.5789772474508778,0.5709129418751395,0.7283150868560989,0.511478588918949,2026-07-14 09:01:55,0
0.5391109011823368,0.926181556261688,0.6306142287887145,0.6423376671060255,2026-07-14 09:01:56,0
0.40466966145084,0.6750364911518822,0.7272819018800749,0.2804010070778449,2026-07-14 09:01:57,0
0.6787175312988252,0.5322154527781755,0.6845718659142778,0.5107155820351061,2026-07-14 09:01:58,0
0.6323742595857941,0.7400199203357846,0.847674581895987,0.6312144082449733,2026-07-14 09:01:59,0
0.6370097647740403,0.5228132244710898,0.5267753907914529,0.483164994806784,2026-07-14 09:02:00,0
0.4354107411390256,0.6574543158317747,0.5743121697788252,0.9400565701757556,2026-07-14 09:02:01,0
0.7095393390215431,0.5531501637242885,0.938846655620138,0.2142204327593435,2026-07-14 09:02:02,0
0.3770250379173495,0.6918437085727572,0.9741262903025152,0.650542244039277,2026-07-14 09:02:03,0
0.6128031184489752,0.6851722709332255,0.9378117075945244,0.4535202655737849,2026-07-14 09:02:04,0
0.8029232135304004,0.6522277942360414,0.619048309207088,0.6046582288481104,2026-07-14 09:02:05,0
0.4257898599545774,0.6455069133877278,0.8622205840149582,0.5517662864288613,2026-07-14 09:02:06,0
0.4760869140544558,0.5432754719034368,0.6573770703174433,0.3638739554278478,2026-07-14 09:02:07,0
0.5550407810446282,0.5194552200332837,0.6716635864479971,0.5178005066617652,2026-07-14 09:02:08,0
0.483534999548617,0.556288910917658,0.4743460051699558,0.1839355964958158,2026-07-14 09:02:09,0
0.3593820798821737,0.5285225814836485,0.7347212168667387,0.5776737357022288,2026-07-14 09:02:10,0
0.5513549908681671,0.613617758736439,0.4618516319843185,0.5288651543800724,2026-07-14 09:02:11,0
0.4172812323453925,0.5485192090165284,0.559835940174844,0.583339105130491,2026-07-14 09:02:12,0
0.5993746398737766,0.8293064902256692,0.9125267735300991,0.6504446226007179,2026-07-14 09:02:13,0
0.4342207965093839,0.5997074384936789,0.4759601353839085,0.5399776846517144,2026-07-14 09:02:14,0
0.7269840348844125,0.6598402297194652,0.3843841583871979,0.5048568931356936,2026-07-14 09:02:15,0
0.4503650071108038,0.5243888951584951,0.3829351048243638,0.3402107592014038,2026-07-14 09:02:16,0
0.5050431716130042,0.6813493946464968,0.9703047207744282,0.3672232360992984,2026-07-14 09:02:17,0
0.6396755827123192,0.7308847423493057,0.6779838627844073,0.6710208419554635,2026-07-14 09:02:18,0
0.3972969550003414,0.5692487400108351,0.6122864925718217,0.7109523336109591,2026-07-14 09:02:19,0
0.5701935620578679,0.5918264026429607,0.8827791172056629,0.4430720862531321,2026-07-14 09:02:20,0
0.69819904238078,0.6358224237618143,0.8995876757948573,0.4885249208454851,2026-07-14 09:02:21,0
0.3526456142223697,0.5286584407602591,0.5602579398604308,0.3364438302183807,2026-07-14 09:02:22,0
0.5651161704961933,0.5718691682011603,0.803773506399903,0.6687846574779419,2026-07-14 09:02:23,0
0.5740375648025322,0.555673756318194,0.8559932184689186,0.5876196731805567,2026-07-14 09:02:24,0
0.6359179514366088,0.5257629455646878,0.777518797452855,0.7917240850119565,2026-07-14 09:02:25,0
0.3965753617416033,0.5513647465671186,0.4385793598426979,0.3406499497506146,2026-07-14 09:02:26,0
0.3866750346021134,0.5182792389733863,0.9265766397739852,0.420691089523316,2026-07-14 09:02:27,0
0.6051068365279532,0.514483674224545,0.6996615383844871,0.5181923859949671,2026-07-14 09:02:28,0
0.5784363046488716,0.5246492801932504,0.5267594633402872,0.5845916588255053,2026-07-14 09:02:29,0
0.5729243079667803,0.7939913736047198,0.6229427789290214,0.4466625173877512,2026-07-14 09:02:30,0
0.5843006229491321,0.5803360320129909,0.3617544040723009,0.3415077680774048,2026-07-14 09:02:31,0
0.4626036225097506,0.8004991982610963,0.4225921657651839,0.6221741759853487,2026-07-14 09:02:32,0
0.5707619029330422,0.5606180263783174,0.8522362810573495,0.5965336049399648,2026-07-14 09:02:33,0
0.5779724804380865,0.544156337881156,0.3364482938383116,0.3345784905988913,2026-07-14 09:02:34,0
0.4585339038973728,0.5724851148854879,0.6171064174524339,0.698011018707827,2026-07-14 09:02:35,0
0.7644295362420245,0.5616797842687322,0.6884876294458161,0.6683754032003559,2026-07-14 09:02:36,0
0.5994031520190186,0.5217854313515697,0.3732510163759194,0.5026502816037506,2026-07-14 09:02:37,0
0.4019872228969632,0.599672783070699,0.9920629295178977,0.493899515546174,2026-07-14 09:02:38,0
0.6210662265539656,0.533031339917201,0.48879496742179,0.5698042922342217,2026-07-14 09:02:39,0
0.4276695626591774,0.5947679619561189,0.5413978004235067,0.3433088422952579,2026-07-14 09:02:40,0
0.6365417740215871,0.6019308049528469,0.5412251777876971,0.4859698144699966,2026-07-14 09:02:41,0
0.6805875252063593,0.5263300065230231,0.4916863003798237,0.1368239288668933,2026-07-14 09:02:42,0
0.4459274812320861,0.517656400036952,0.3374334591753924,0.621381966573542,2026-07-14 09:02:43,0
0.6574426172946601,0.6418188624945288,0.8278448013526334,0.2313554100838437,2026-07-14 09:02:44,0
0.5921649245775492,0.5648276143361809,0.9878636018491114,0.7216845957731333,2026-07-14 09:02:45,0
0.6406884204218115,0.5173671161164639,0.4875607390302843,0.4283522492579483,2026-07-14 09:02:46,0
0.7681070369598737,0.9623531543537394,0.7831760381100247,0.4473025480111592,2026-07-14 09:02:47,0
0.5141334481665157,0.5173323831249255,0.8363015393162085,0.3807395647466314,2026-07-14 09:02:48,0
0.4538645109241536,0.613641311073515,0.9080766992640752,0.4350844631950799,2026-07-14 09:02:49,0
0.4377668554402726,0.8636031277085542,0.6211916809317303,0.7081040144676618,2026-07-14 09:02:50,0
0.4465051017724822,0.5355895493280824,0.5405435963306758,0.0831621383819614,2026-07-14 09:02:51,0
0.5340852172551731,0.5253514067037586,0.5556117494508757,0.6854560892981643,2026-07-14 09:02:52,0
0.5836727097770388,0.5232995004400655,0.8165771793905334,0.5352428166734295,2026-07-14 09:02:53,0
0.5760302951901294,0.5431032523580729,0.8867549058938856,0.2880642809820584,2026-07-14 09:02:54,0
0.6412958057219629,0.5213456286438707,0.4588049302415125,0.3091353164684935,2026-07-14 09:02:55,0
0.5447677571196535,0.6128405130177185,0.5863661760736433,0.7493570961983509,2026-07-14 09:02:56,0
0.7155549651186172,0.5177421403850223,0.9441329160440404,0.3299017886271111,2026-07-14 09:02:57,0
0.5118489796541629,0.5730540914620491,0.8799593845680966,0.2966506664982322,2026-07-14 09:02:58,0
0.8657252096214856,1.0,1.0,0.6631145470269115,2026-07-14 09:02:59,-1
0.6174044005196582,0.6558423284593664,0.8446237944113529,0.5353275100742771,2026-07-14 09:03:00,0
0.4416030349379982,0.5937931086910806,0.6013601915163963,0.3311146564194405,2026-07-14 09:03:01,0
0.4162629597155473,0.5434690186304804,0.7343894101015706,0.5158213096178095,2026-07-14 09:03:02,0
0.600427436745497,0.5957403094403034,0.7818063233201782,0.3170639498600964,2026-07-14 09:03:03,0
0.5167328805492472,0.5761768695015306,0.389300952957142,0.6572763215192419,2026-07-14 09:03:04,0
0.627877038055376,0.5596584195983275,0.7033014710920126,0.6509649845787355,2026-07-14 09:03:05,0
0.5993325746306204,0.5242105182815748,0.8143534268770897,0.5662764500714581,2026-07-14 09:03:06,0
0.5345917932525522,0.6981058862614237,0.4491750855502651,0.5390243906469627,2026-07-14 09:03:07,0
0.442831755152426,0.5632591440921118,0.8623999490059956,0.7629227375381111,2026-07-14 09:03:08,0
0.3636283924264603,0.5307303609825557,0.7297640022738002,0.4811151535667628,2026-07-14 09:03:09,0
0.4902881699172144,0.5513951152740779,0.9780107082236053,0.2920874176889372,2026-07-14 09:03:10,0
0.6447595543704131,0.5578984370859915,0.3650229604838194,0.5530728165879975,2026-07-14 09:03:11,0
0.5686088877437836,0.6623078472783523,0.5152069563241453,0.8148941342313885,2026-07-14 09:03:12,0
0.3955334623766355,0.6251886731330543,0.7417442197248503,0.3188226562358331,2026-07-14 09:03:13,0
0.5637583289873418,0.6374699958325807,0.5362510670756313,0.4233380035221836,2026-07-14 09:03:14,0
0.5889088900388731,0.5131980388154422,0.8177918572538688,0.5477889698187632,2026-07-14 09:03:15,0
0.4384375395960957,0.5581939350043921,0.8478288926298505,0.4725415603048208,2026-07-14 09:03:16,0
0.5614516778795273,0.5683022992460733,0.4055117510307247,0.3240149997164061,2026-07-14 09:03:17,0
0.5501274066790005,0.5139054971707832,0.6826557417963126,0.660641764210605,2026-07-14 09:03:18,0
0.4077175302505642,0.5379369142396438,0.6793112519343502,0.8523287775570894,2026-07-14 09:03:19,0
0.5856449746649518,0.6341971811464207,0.5852475718856776,0.5125427274746688,2026-07-14 09:03:20,0
0.6097119962633099,0.5248413517332562,0.9650091868893632,0.3365311937211337,2026-07-14 09:03:21,0
0.6716311087314283,0.5776827068698982,0.8939822452983807,0.2333604089868923,2026-07-14 09:03:22,0
0.6681633710840923,0.5329403103673712,0.8061932020664736,0.5224367028354759,2026-07-14 09:03:23,0
0.3798919812510619,0.5132921474304475,0.8177261464285744,0.6577652159662768,2026-07-14 09:03:24,0
0.4320392262124076,0.5358166818107921,0.6475269556973157,0.5571833529484569,2026-07-14 09:03:25,0
0.6042880367574212,0.830234088397101,0.956970983691942,0.4807807654432001,2026-07-14 09:03:26,0
0.604139919801508,0.6503188053488707,0.8044320204000494,0.3868928113527565,2026-07-14 09:03:27,0
0.6042895091458832,0.786170338626058,0.8275997324913651,0.306439430977603,2026-07-14 09:03:28,0
1.0,0.5693806888869137,0.9170144973374924,0.6147100497775693,2026-07-14 09:03:29,0
0.6109101457143071,0.5221750030125969,0.5210993038879985,0.627351829915193,2026-07-14 09:03:30,0
0.6778571322357545,0.5800389804250363,0.880213651444244,0.2338772671438078,2026-07-14 09:03:31,0
0.6563312073797999,0.5639747834372824,0.4679860306216523,0.7355100552959293,2026-07-14 09:03:32,0
0.6204541856681339,0.67106865737803,0.5691185211298282,0.5730060726337465,2026-07-14 09:03:33,0
0.5058484525421411,0.5210646622766325,0.562561813736741,0.7050744940415914,2026-07-14 09:03:34,0
0.6332084588370896,0.5694452434816524,0.9957331134700882,0.2664498132294706,2026-07-14 09:03:35,0
0.4516013434524903,0.5261312684987759,0.9135421468213938,0.2626588280624995,2026-07-14 09:03:36,0
0.5151494355744205,0.5457668370754528,0.8088616202759519,0.4573330115272425,2026-07-14 09:03:37,0
0.4856823421039334,0.6263967208573373,0.8263032134627494,0.5616015090876769,2026-07-14 09:03:38,0
0.5529331413996962,0.567430041924206,0.7151433899351568,0.7685497162196611,2026-07-14 09:03:39,0
0.8176485169370913,0.5524999555855991,0.9745535587411648,0.5941248526775551,2026-07-14 09:03:40,0
0.321846277870207,0.5550813866045561,0.6708004312548925,0.4423408366342776,2026-07-14 09:03:41,0
0.6245881917044356,0.5647717383511628,0.5928185877247917,0.3169653174622371,2026-07-14 09:03:42,0
0.3520252411343027,0.6434921430416115,0.4462873665122527,0.6779425910967234,2026-07-14 09:03:43,0
0.4872747809940372,0.7023352497223748,0.8661554509686156,0.32683037773349,2026-07-14 09:03:44,0
0.6723305267475231,0.7776506034491087,0.8312804035412554,0.7416900703630183,2026-07-14 09:03:45,0
0.5508472104414156,0.6442447786041722,0.595404031530204,0.4356690712421072,2026-07-14 09:03:46,0
0.4154505642973294,0.5446029793124211,0.3534148038556239,0.7356289366097606,2026-07-14 09:03:47,0
0.4584210017611688,0.6117309921460348,0.9017244424691718,0.5897817368929736,2026-07-14 09:03:48,0
0.6237983032287777,0.5613895536517384,0.3441334509469836,0.459248600476104,2026-07-14 09:03:49,0
0.4566351655979416,0.5373457920335637,0.8105661813159258,0.3980715588589611,2026-07-14 09:03:50,0
0.5688892600646412,0.6691777973909011,0.9901622128221144,0.4266264042006398,2026-07-14 09:03:51,0
0.5486291984292325,0.5155964139426379,0.6313197501762386,0.5496880541148119,2026-07-14 09:03:52,0
0.4659735711436784,0.7103567318971228,0.494756457697551,0.493508942286669,2026-07-14 09:03:53,0
0.7974088796355177,0.5650930783840071,0.811355311122698,0.3861665346320926,2026-07-14 09:03:54,0
0.618382705949155,0.5988154628691095,0.8869898299826265,0.4546673847838027,2026-07-14 09:03:55,0
0.3031285847744222,0.6041945267339904,0.7046040923325753,0.4937362012736095,2026-07-14 09:03:56,0
0.5653320008963745,0.704769212152673,0.987991465220631,0.1406074018278991,2026-07-14 09:03:57,0
0.4647659212707195,0.5986904076999595,0.3712528434018149,0.554463727486525,2026-07-14 09:03:58,0
0.6442894157869005,0.5935082726038623,0.6765522279090866,0.3244281286786834,2026-07-14 09:03:59,0
0.4492662734203872,0.5181400605061274,0.8205069695319728,0.2966535633444889,2026-07-14 09:04:00,0
0.5296233031953778,0.5746324396001691,0.9176542791426714,0.2112215666590113,2026-07-14 09:04:01,0
0.6030967632315414,0.5261433570430466,0.4572159611774392,0.1941758406856029,2026-07-14 09:04:02,0
0.6458688342761731,0.6264216544756607,0.8754518954564425,0.2643188997805334,2026-07-14 09:04:03,0
0.4009210377875316,0.5735427454710389,0.7088331304977509,0.367735145655427,2026-07-14 09:04:04,0
0.5035683382101073,0.609593355954464,0.603623006245416,0.7936505336186364,2026-07-14 09:04:05,0
0.4869175116968156,0.5158851594603846,0.4251849526952641,0.3970343505753972,2026-07-14 09:04:06,0
0.4657685972877412,0.5198157337643633,0.9194433094573942,0.5096020522975717,2026-07-14 09:04:07,0
0.752535724259489,0.619819313355777,0.4424050667589952,0.545234921959485,2026-07-14 09:04:08,0
0.5912402619183907,0.5186384260695082,0.5451635467507493,0.5021333318303953,2026-07-14 09:04:09,0
0.393737874408697,0.0062998232804422,0.1949812450848319,0.4687758194418729,2026-07-14 09:04:10,0
0.6520465281409833,0.0010285955805737,0.586684882741027,0.289940524726211,2026-07-14 09:04:11,0
0.7948257417269778,0.2676479112883034,0.4528010605094667,0.7132868055084125,2026-07-14 09:04:12,0
0.6656337149733821,0.1141834232579035,0.536332918965673,0.7702832463581268,2026-07-14 09:04:13,0
0.3630921834048347,0.0371956297850237,0.1683153647988094,0.211971184144371,2026-07-14 09:04:14,0
0.4858162508616699,0.0300188618132219,0.4205757990293086,0.3173397726916223,2026-07-14 09:04:15,0
0.6934292471774214,0.0367285159717774,0.3847801265759345,0.4364008754733226,2026-07-14 09:04:16,0
0.4593261055623793,0.1272102717301979,0.5606887049282595,0.3268571955557795,2026-07-14 09:04:17,0
0.5958447999848828,0.0924389883393213,0.6100462283840093,0.5621104302773419,2026-07-14 09:04:18,0
0.6350656565507268,0.0174743366995248,0.0077505335334887,0.3646553039053,2026-07-14 09:04:19,0
0.4333308689314323,0.0163205274565299,0.4536883535985251,0.8275341102917801,2026-07-14 09:04:20,0
0.5361690417934364,0.0088318141892863,0.0344847294979953,0.6716310070127247,2026-07-14 09:04:21,0
0.1589467654884571,0.0921701694121327,0.3693595358345427,0.5151732336631065,2026-07-14 09:04:22,0
0.4217765016689506,0.1234013951769778,0.1933555916884015,0.6454640707084192,2026-07-14 09:04:23,0
0.5132821945741474,0.0262801967107297,0.2062539920600935,0.6580888713728013,2026-07-14 09:04:24,0
0.3952910811739465,0.001795711939729,0.2373695748514139,0.3909442073872986,2026-07-14 09:04:25,0
0.736762365027879,0.0073091494803619,0.418162621248323,0.350585729930474,2026-07-14 09:04:26,0
0.3736709830823466,0.2934854508099742,0.224629732558271,0.4936667746506131,2026-07-14 09:04:27,0
0.4910552980149378,0.0298865772034197,0.4932240855607625,0.6190111183484617,2026-07-14 09:04:28,0
0.5587266686662441,0.1251772593106425,0.2721146954409085,0.5034124173831849,2026-07-14 09:04:29,0
0.7141013455554021,0.0836522768965849,0.0456135163277601,0.2288751763538314,2026-07-14 09:04:30,0
0.3729927372953941,0.0410693177531358,0.5276268745831367,0.3527283293774887,2026-07-14 09:04:31,0
0.6811291205594514,0.0196489647174829,0.1920926903804179,0.4693310505486465,2026-07-14 09:04:32,0
0.5444394889306147,0.0110371552477131,0.2911413755808154,0.4690602434586379,2026-07-14 09:04:33,0
0.4268601666558583,0.0814848194296822,0.4613853793265988,0.7967354618964135,2026-07-14 09:04:34,0
0.5980125274533589,0.1272027891640402,0.2235558859486922,0.259432996501225,2026-07-14 09:04:35,0
0.5668264748243337,0.0881450859900761,0.0376849996686116,0.5620502274046557,2026-07-14 09:04:36,0
0.4720655137914172,0.0645050253970758,0.2514933268876592,0.719395786172198,2026-07-14 09:04:37,0
0.5515018978035966,0.0036474698765261,0.6358927400874831,0.844555123430542,2026-07-14 09:04:38,0
0.4975441053888901,0.2951722054182772,0.4319356162750584,0.4164692555984546,2026-07-14 09:04:39,0
0.5566847096305433,0.1368504753999556,0.4519764806624812,0.55978492403344,2026-07-14 09:04:40,0
0.6217274346279242,0.0295693469890354,0.425567059650813,0.5723164144769646,2026-07-14 09:04:41,0
0.7312619082407752,0.3338590406407033,0.1336329864098182,0.5124387831420565,2026-07-14 09:04:42,0
0.3964728338558744,0.0786212871423287,0.2814169673081858,0.4653519382993898,2026-07-14 09:04:43,0
0.7961153226330128,0.0745470669939326,0.5055139967425363,0.5509133034652236,2026-07-14 09:04:44,0
0.3117898443097954,0.1176907637268939,0.0678609127293391,0.0760529748072043,2026-07-14 09:04:45,0
0.5252308736698346,0.1425758697410688,0.1867662372024067,0.5902837906304321,2026-07-14 09:04:46,0
0.6129762270898405,0.0912144140269593,0.1857329112053528,0.5013514573579045,2026-07-14 09:04:47,0
0.5765402230291677,0.0116916194917813,0.2906374344145285,0.4455734822928128,2026-07-14 09:04:48,0
0.4694000073849066,0.0352401750169935,0.6600943550648171,0.8086252851172979,2026-07-14 09:04:49,0
0.518551630010916,0.2247224508717878,0.0450403787765065,0.3731884230197813,2026-07-14 09:04:50,0
0.4847768656512816,0.0217081206655263,0.3490404623555366,0.4166806605240505,2026-07-14 09:04:51,0
0.4733521239284607,0.0397299181359473,0.1204087641571508,0.7997768890067483,2026-07-14 09:04:52,0
0.6439537487329127,0.0482922248987421,0.6535641281392437,0.3480509744382836,2026-07-14 09:04:53,0
0.5855534624639847,0.0494010438818052,0.0758992949459703,0.3931571034013257,2026-07-14 09:04:54,0
0.4610760123500586,0.0810262464954521,0.2714905342200611,0.4576439972513411,2026-07-14 09:04:55,0
0.6498814059337953,0.2446822360177077,0.496718167714099,0.6156672436244617,2026-07-14 09:04:56,0
0.5796592166031875,0.0234969699978391,0.4742613261472989,0.5144098785254538,2026-07-14 09:04:57,0
0.6395979152709614,0.0110483267489955,0.2843779954384753,0.2743692783928639,2026-07-14 09:04:58,0
0.6178740689753625,0.0187703178332784,0.2330343681598782,0.3960282453762711,2026-07-14 09:04:59,0
0.4449419416033616,0.186085187088922,0.2674556308473484,0.3839999020457303,2026-07-14 09:05:00,0
0.4768120990357348,0.0886034283707778,0.1776189072706963,0.4688114017930305,2026-07-14 09:05:01,0
0.6318242164223141,0.028738529737814,0.1379051723248984,0.5492924146293059,2026-07-14 09:05:02,0
0.6155908027336235,0.1444918726572864,0.3250132582069518,0.5480704919941024,2026-07-14 09:05:03,0
0.5407482136845487,0.1686890652842226,0.1804874415193629,0.1970364277270646,2026-07-14 09:05:04,0
0.5571364216914506,0.1599977969595781,0.1932403352750052,0.6513761404943379,2026-07-14 09:05:05,0
0.6947041942951727,0.2144898400482985,0.4420566346347424,0.5215716615871391,2026-07-14 09:05:06,0
0.4730905091560161,0.0248054461832869,0.6521228085826094,0.7026647580819092,2026-07-14 09:05:07,0
0.6080892700668639,0.1200857268355106,0.4062671968645782,0.5522288208466075,2026-07-14 09:05:08,0
0.5192546337231825,0.0526820139979231,0.0514255616215411,0.6573565616975157,2026-07-14 09:05:09,0
0.5174183357404135,0.1575221142353058,0.0504850896519597,0.5558039234233032,2026-07-14 09:05:10,0
0.6734955119363797,0.1112996209939424,0.640591981832974,0.6965364626448607,2026-07-14 09:05:11,0
0.6410863248585057,0.1278926526757312,0.1998628202623256,0.5647157411422605,2026-07-14 09:05:12,0
0.6396746838772477,0.091135721965508,0.0615909490818398,0.4655007138014935,2026-07-14 09:05:13,0
0.6980017674519934,0.0166643679572331,0.4031728713692066,0.8447127011475826,2026-07-14 09:05:14,0
0.5457164555737003,0.067224404671823,0.4197502248621114,0.6233947692731361,2026-07-14 09:05:15,0
0.6240775346511928,0.3566876788534143,0.4364972656195794,0.5729537907187021,2026-07-14 09:05:16,0
0.5064415395799088,0.2365512646467113,0.1797249267717944,0.2769803242805588,2026-07-14 09:05:17,0
0.58165892137078,0.003756484355057,0.0097407658216182,0.275060034981113,2026-07-14 09:05:18,0
0.5277967196390128,0.0153650656815343,0.6497498464803783,0.5279943780174343,2026-07-14 09:05:19,0
0.5547259610267443,0.0120481096319191,0.1686018123550202,0.5044460252918901,2026-07-14 09:05:20,0
0.6137871451616651,0.1105137294092458,0.4550401675174458,0.382917126613886,2026-07-14 09:05:21,0
0.4462193287820764,0.145348938423066,0.4756596786892202,0.5037199498475835,2026-07-14 09:05:22,0
0.7912963856941431,0.0204941115415648,0.4105592026647213,0.7353161497766312,2026-07-14 09:05:23,0
0.4239544504988521,0.0601726495922025,0.2103846846813513,0.5924168206114255,2026-07-14 09:05:24,0
0.3992739999398851,0.1568249235710456,0.1822139534740715,0.2986251574944822,2026-07-14 09:05:25,0
0.6805300592912304,0.112666065534484,0.402245570601085,0.463325993264688,2026-07-14 09:05:26,0
0.637084545127095,0.066702504883003,0.5831015498886524,0.3523856432417638,2026-07-14 09:05:27,0
0.6172209277361679,0.0761829774677789,0.6374323833379875,0.4191405466805609,2026-07-14 09:05:28,0
0.6177219190934917,0.0606070512758926,0.0709150102522189,0.4149945079508521,2026-07-14 09:05:29,0
0.5417743155304136,0.0301418789837312,0.103877308451171,0.4047509099992328,2026-07-14 09:05:30,0
0.4368492202260757,0.0710614883415479,0.6360865651227378,0.2803669783914797,2026-07-14 09:05:31,0
0.5522135414933562,0.0996742361084641,0.4958087539276614,0.4607429563247582,2026-07-14 09:05:32,0
0.4629430564361192,0.176387289268926,0.5944868983286887,0.3914785215741609,2026-07-14 09:05:33,0
0.6588349203539882,0.0863390637164554,0.1360858114215043,0.0125079324115091,2026-07-14 09:05:34,0
0.5257913838776918,0.1222314372019625,0.3954524311683412,0.8096027442888003,2026-07-14 09:05:35,0
0.4453566368912501,0.0148815641135998,0.4719605431810917,0.6553482661961221,2026-07-14 09:05:36,0
0.5051232785148476,0.0528432751527141,0.4577928852089972,0.4209642056832412,2026-07-14 09:05:37,0
0.5921827708598049,0.0007889465656698,0.2745566123348164,0.4841760339295491,2026-07-14 09:05:38,0
0.47639198580894,0.0241727247384104,0.0099322538401435,0.2937223924474748,2026-07-14 09:05:39,0
0.4457451292403199,0.1106639786909594,0.3923128283052193,0.7524495134213471,2026-07-14 09:05:40,0
0.5721174422331332,0.4102113264682234,0.1700898099501291,0.7846963019120721,2026-07-14 09:05:41,0
0.5722691210773926,0.0089059401523343,0.3029236875944698,0.5062334227418601,2026-07-14 09:05:42,0
0.4831238957358328,0.0438141995366161,0.6447408657057946,0.6449112358031237,2026-07-14 09:05:43,0
0.4873807200687504,0.1374279121964301,0.2684143522356056,0.5092079656576667,2026-07-14 09:05:44,0
0.5707377454943712,0.0194716230557648,0.5653856503096502,0.267314082468939,2026-07-14 09:05:45,0
0.3715436938228815,0.0691329997793618,0.1265911470913444,0.4152812421420542,2026-07-14 09:05:46,0
0.376359603746161,0.1127523018441645,0.4526376759487703,0.5022713607011928,2026-07-14 09:05:47,0
0.4580486676471783,0.0817007558856878,0.6578293131898345,0.408446139387451,2026-07-14 09:05:48,0
0.517920318163454,0.0177712991509906,0.0682114056299636,0.4461848704364497,2026-07-14 09:05:49,0
0.5800869806549729,0.03747769301932,0.0051654262072296,0.4665431030621616,2026-07-14 09:05:50,0
0.7181421633539388,0.1307446417271077,0.2916911062627321,0.4682262772736436,2026-07-14 09:05:51,0
0.6449090362397749,0.0689684288678428,0.0619672427638957,0.4895257236219112,2026-07-14 09:05:52,0
0.5242642153742704,0.0004361602405988,0.5037922341380283,0.3114882156801712,2026-07-14 09:05:53,0
0.5409717420615799,0.1221847092360356,0.6157473298483479,0.3664560634526683,2026-07-14 09:05:54,0
0.4243679842382462,0.0030577951343006,0.2919863350704786,0.2756557021364165,2026-07-14 09:05:55,0
0.5410313854682741,0.1169016091174326,0.1738696806084743,0.6375976694188816,2026-07-14 09:05:56,0
0.5090033636927267,0.0193049846990935,0.2922439452353543,0.1443009176092085,2026-07-14 09:05:57,0
0.5814872734328523,0.2707906615794996,0.4869909623294875,0.6657183730065959,2026-07-14 09:05:58,0
0.445151086628985,0.0391571260178513,0.0056601148433965,0.7029555002884553,2026-07-14 09:05:59,0
0.60479917135837,0.0337899985003639,0.3967110971613744,0.4328220516570886,2026-07-14 09:06:00,0
0.7249453646614115,0.0137522761503257,0.4127720154374427,0.0647117305355562,2026-07-14 09:06:01,0
0.5303318430029564,0.0311266469578762,0.4292094764426863,0.4233623534526578,2026-07-14 09:06:02,0
0.590852577232385,0.178660158408426,0.1626248983583046,0.4708970611828063,2026-07-14 09:06:03,0
0.6250486490225563,0.4788468834742296,0.4806609106210602,0.319488382699729,2026-07-14 09:06:04,0
0.4956582115497161,0.0392069543860068,0.0611358234453967,0.3987399577744721,2026-07-14 09:06:05,0
0.5697943222029146,0.0508146765807076,0.1338204251430892,0.7259681579374413,2026-07-14 09:06:06,0
0.544719208505662,0.1093044072057754,0.5907651899860903,0.5875413364490885,2026-07-14 09:06:07,0
0.5548065965809527,0.1855364342956041,0.4972828915124845,0.3332522422990251,2026-07-14 09:06:08,0
0.4515794612072982,0.0767468524607395,0.0088209938277956,0.2255791288737383,2026-07-14 09:06:09,0
0.546132160801019,0.0424038847893071,0.1669060996327536,0.4288486358696057,2026-07-14 09:06:10,0
0.6022681599457568,0.0454164871415232,0.1440185759402997,0.4470162136530322,2026-07-14 09:06:11,0
0.7152715548676266,0.1015421703385682,0.1820186127194258,0.5605479930225745,2026-07-14 09:06:12,0
0.6569558990722565,0.0002637085693506,0.1663559801524178,0.395524599913593,2026-07-14 09:06:13,0
0.7985041658950792,0.082505783364653,0.0416875731325836,0.562995771038961,2026-07-14 09:06:14,0
0.45225076513232,0.0374920569625379,0.308776161062551,0.7907540541589753,2026-07-14 09:06:15,0
0.6466472227175739,0.1349557905601874,0.4932472792540909,0.6116303585532541,2026-07-14 09:06:16,0
0.564963010480694,0.0083215168926048,0.4083521676961271,0.4734720669879935,2026-07-14 09:06:17,0
0.8028458313332785,0.0757370089855987,0.4529147067967503,0.4518646603208305,2026-07-14 09:06:18,0
0.4473957125155399,0.0559787180098791,0.0542349521286185,0.4241042558012586,2026-07-14 09:06:19,0
0.4436701855259404,0.0877674087658816,0.6406374535371357,0.6700459618537686,2026-07-14 09:06:20,0
0.4721632333944561,0.005713218838019,0.5645031759810963,0.3808068305617809,2026-07-14 09:06:21,0
0.2914205696164789,0.0740498705754277,0.5419985252911447,0.4884001292069642,2026-07-14 09:06:22,0
0.4808935931147884,0.0703699777914986,0.5540544652734377,0.4893560491339244,2026-07-14 09:06:23,0
0.4532247107874174,0.0702096031335878,0.6279840789075054,0.4008891805177508,2026-07-14 09:06:24,0
0.5610567219341261,0.0789664093296707,0.3662570675593213,0.2615963285700333,2026-07-14 09:06:25,0
0.5837443191716287,0.0963328697032508,0.1345020569881811,0.5328352596717361,2026-07-14 09:06:26,0
0.76566210838644,0.1395543557262295,0.4151247382330987,0.4714058324495123,2026-07-14 09:06:27,0
0.6559070142379307,0.0268366193486233,0.5000846223432986,0.5611945231248088,2026-07-14 09:06:28,0
0.474829492305412,0.1488222410070276,0.4967400033224935,0.395799193027762,2026-07-14 09:06:29,0
0.4367116569171907,0.0588700516666693,0.3508919786649849,0.6764740776919731,2026-07-14 09:06:30,0
0.6015474291645113,0.0068348183217866,0.0456846109695152,0.3408978083416154,2026-07-14 09:06:31,0
0.386701521270199,0.0051397279672037,0.2496013318061309,0.7550599954693711,2026-07-14 09:06:32,0
0.7603611159814838,0.0347219033514261,0.6199367407211858,0.2015759399942212,2026-07-14 09:06:33,0
0.6830588209661563,0.1311821834325061,0.3933388677949456,0.5507204738520963,2026-07-14 09:06:34,0
0.4876015533110139,0.1049945732233915,0.3622670373343192,0.5572254178318472,2026-07-14 09:06:35,0
0.3401197645408541,0.1326708017539676,0.1807028823189834,0.3538909746147003,2026-07-14 09:06:36,0
0.7037392318970037,0.0621682722243882,0.2478064190467696,0.5490604862214674,2026-07-14 09:06:37,0
0.5296466113303041,0.0495220548789896,0.6028093768431235,0.6858645672820192,2026-07-14 09:06:38,0
0.6899798094865471,0.0136083966343234,0.4485968254936794,0.1265154779981381,2026-07-14 09:06:39,0
0.3541934625501102,0.0339501207432225,0.530070731219448,0.5615951707185407,2026-07-14 09:06:40,0
0.4721653226889116,0.0485847430442722,0.3056801645580186,0.0822882935840014,2026-07-14 09:06:41,0
0.5438479581789435,0.0079092619249486,0.4241959996119184,0.3266768951014716,2026-07-14 09:06:42,0
0.5487962180495675,0.0212684145326679,0.1669110506828766,0.7418017070282206,2026-07-14 09:06:43,0
0.4898672259747214,0.0778407678134661,0.4748720249717281,0.3880910112458346,2026-07-14 09:06:44,0
0.6170703722224451,0.1135853451818008,0.2876610303089983,0.293366335033129,2026-07-14 09:06:45,0
0.4166508909812944,0.5468690795828094,0.2977298422255265,0.4494989735885384,2026-07-14 09:06:46,0
0.5263459878549135,0.2309126391527275,0.4370480685420754,0.8119919572077712,2026-07-14 09:06:47,0
0.5574883325078809,0.0878246381615234,0.630389483354531,0.1881301823870402,2026-07-14 09:06:48,0
0.6042173245904372,0.0466796296896559,0.0426847742293375,0.3129752678696897,2026-07-14 09:06:49,0
0.6275942032109288,0.0863123100314688,0.5552399027911751,0.7207266037077207,2026-07-14 09:06:50,0
0.4098904932437688,0.1314822365191786,0.1965562151400836,0.7783632206652356,2026-07-14 09:06:51,0
0.3613441339030268,0.0107412703363273,0.2986555497123782,0.4646182597542516,2026-07-14 09:06:52,0
0.694705608235843,0.0450224811328697,0.0143241249300487,0.2829399069159271,2026-07-14 09:06:53,0
0.5826248949397425,0.1563435198906234,0.2023929879255625,0.8164613847163023,2026-07-14 09:06:54,0
0.4544868984586477,0.0413312558732948,0.33821328442491,0.736246516001005,2026-07-14 09:06:55,0
0.7271283881097086,0.0724167546340814,0.037409041296308,0.589784248234007,2026-07-14 09:06:56,0
0.5569404743930584,0.0756473027015869,0.3304411012334439,0.3511960424007525,2026-07-14 09:06:57,0
0.6830418746230632,0.0173989984977854,0.6242110965842725,0.4733215510941231,2026-07-14 09:06:58,0
0.5512311573900365,0.0383899235730826,0.0705696494079907,0.4555106996011999,2026-07-14 09:06:59,0
0.787545274513259,0.0347569161278429,0.5146104016212549,0.5340954015925794,2026-07-14 09:07:00,0
0.7513366958741695,0.0022549157111958,0.2755803000983053,0.7132986265129309,2026-07-14 09:07:01,0
0.5137094794356776,0.0020793152083503,0.44099050904062,0.6218557348944866,2026-07-14 09:07:02,0
0.6584141823413894,0.1521295718433915,0.1748971369352335,0.3088051653526777,2026-07-14 09:07:03,0
0.61974102104978,0.0272174882425871,0.1070194956193375,0.7013792116570126,2026-07-14 09:07:04,0
0.7054890572360986,0.062311599896668,0.1076732811287664,0.5312606642260067,2026-07-14 09:07:05,0
0.4288264804967289,0.0302850683088486,0.047054520310291,0.591083106797607,2026-07-14 09:07:06,0
0.6245634449625588,0.2411613408755971,0.1246413484957271,0.7157846453952796,2026-07-14 09:07:07,0
0.6687113996142595,0.025614876051047,0.4470851323517447,0.3033331327746396,2026-07-14 09:07:08,0
0.334712913230431,0.0479291835934735,0.5936088437636338,0.4754339078972536,2026-07-14 09:07:09,0
0.4029410234864176,0.1759887796182637,0.5480862065901833,0.3961424740029731,2026-07-14 09:07:10,0
0.3014581452307371,0.1574870058055707,0.461176800764396,0.2303369358094844,2026-07-14 09:07:11,0
0.511285827055174,0.0175693065433162,0.073964493962857,0.5366324948425061,2026-07-14 09:07:12,0
0.628296943697876,0.1385335247699825,0.1944031001119012,0.8829677546502879,2026-07-14 09:07:13,0
0.721343339485531,0.0523104903882969,0.2082956748302129,0.186787058687899,2026-07-14 09:07:14,0
0.5520108329559867,0.0563076789493868,0.1679711048140053,0.4760010369073422,2026-07-14 09:07:15,0
0.736312345945191,0.0122204788513785,0.3465506886106755,0.5836403128045631,2026-07-14 09:07:16,0
0.3796036364928011,0.0071632173904328,0.3603952417578475,0.500855562585313,2026-07-14 09:07:17,0
0.3412759568114186,0.1111264164674781,0.2400157535713322,0.4630669472671953,2026-07-14 09:07:18,0
0.5366406265095297,0.058565238268405,0.2379292382923556,0.273314838153142,2026-07-14 09:07:19,0
0.588760463112813,0.0490129165290364,0.5578085240586195,0.5184068923679472,2026-07-14 09:07:20,0
0.5393500360610727,0.1116201948065768,0.5313548001667583,0.3600971489393516,2026-07-14 09:07:21,0
0.2981136216489219,0.1238155508396483,0.2069407113140799,0.130818520132391,2026-07-14 09:07:22,0
0.5326603431264733,0.0147633817654915,0.6152351229974394,0.6722779121269404,2026-07-14 09:07:23,0
0.3885704412784143,0.0804295915247199,0.6415297203163277,0.6344892733715803,2026-07-14 09:07:24,0
0.6226215872678127,0.0124053324101152,0.2197062728073329,0.4894301325317833,2026-07-14 09:07:25,0
0.5866895792856416,0.1188171657286673,0.238357609070973,0.5178130325275627,2026-07-14 09:07:26,0
0.4317956187411708,0.091332935333963,0.3402365297094543,0.6530362718616987,2026-07-14 09:07:27,0
0.4823030278848486,0.2678704295536144,0.6336506171100496,0.5170555154086158,2026-07-14 09:07:28,0
0.4176476005816886,0.0060887694820804,0.5899899510515316,0.6257913603470011,2026-07-14 09:07:29,0
0.5357951392442636,0.0050041492258262,0.0686661013796721,0.4335737062053684,2026-07-14 09:07:30,0
0.6564664300072127,0.0282949544527535,0.2641665735796652,0.6910583755534447,2026-07-14 09:07:31,0
0.4263601589687296,0.0258929930171736,0.3723999006331573,0.5324850958784673,2026-07-14 09:07:32,0
0.6029852278095571,0.0242067243628861,0.3385509937826851,0.5122100436155743,2026-07-14 09:07:33,0
0.4803597724021549,0.2020907767401223,0.1301772164986059,0.2779791408206211,2026-07-14 09:07:34,0
0.4492245297351486,0.0244983120491216,0.5781973335676722,0.5270729444948983,2026-07-14 09:07:35,0
0.5305369239804975,0.0270859195324738,0.4556563188825842,0.3480679944399858,2026-07-14 09:07:36,0
0.4204895879191678,0.1216177359837596,0.5641100638527156,0.3790519493224957,2026-07-14 09:07:37,0
0.4775864911456677,0.0509897028723545,0.5781619666080824,0.3507203729013612,2026-07-14 09:07:38,0
0.4012077730215878,0.1279931965170164,0.5037730346270032,0.3105875417225014,2026-07-14 09:07:39,0
0.7761609648035187,0.0057600276981621,0.2954829062981699,0.8210893118409861,2026-07-14 09:07:40,0
0.5474070641838746,0.0570710605827213,0.410922587730516,0.6941548679534058,2026-07-14 09:07:41,0
0.4602679285617569,0.0029076721404275,0.107607786031595,0.7883884826157823,2026-07-14 09:07:42,0
0.5685953918371489,0.0055125633159373,0.4534360288988666,0.2855248362115832,2026-07-14 09:07:43,0
0.529908838299283,0.2022574877799665,0.1203336894390164,0.4925646124665674,2026-07-14 09:07:44,0
0.5170284686970837,0.0127904342327394,0.4671161963090768,0.2742281302847362,2026-07-14 09:07:45,0
0.616040901991392,0.0648909855886826,0.1542541415380206,0.3698670711159213,2026-07-14 09:07:46,0
0.6330351844798223,0.0451949318023735,0.0787612954030556,0.33428206374262,2026-07-14 09:07:47,0
0.4803308999624662,0.0364192464525303,0.1109220748147745,0.6794757625685479,2026-07-14 09:07:48,0
0.4749581773860311,0.1964343284726493,0.0009019942979209,0.4177759431711854,2026-07-14 09:07:49,0
0.5106165810979281,0.0018723490465071,0.4838187590567586,0.6520861934743603,2026-07-14 09:07:50,0
0.2703141561438725,0.0930510876457706,0.4930233036408177,0.5778134617298347,2026-07-14 09:07:51,0
0.3635876275970471,0.282377890514147,0.3465019690632551,0.8497047668861839,2026-07-14 09:07:52,0
0.7052807157142564,0.0701140633773493,0.1082797922083534,0.24448172666989,2026-07-14 09:07:53,0
0.7382510330040656,0.2357834740949248,0.0558554553306713,0.6826192751007718,2026-07-14 09:07:54,0
0.5137009561437316,0.0045709298183357,0.0124481291510237,0.6645745900754259,2026-07-14 09:07:55,0
0.6115819513068214,0.0463182748078967,0.1112344890826916,0.3254427927977978,2026-07-14 09:07:56,0
0.5801275974562472,0.0257141805549657,0.5997838149202676,0.6422879709977067,2026-07-14 09:07:57,0
0.9082534921666412,0.1120355510429993,0.162297963551272,0.5349422886574748,2026-07-14 09:07:58,0
0.675961296832485,0.3397104106691277,0.2382541047878066,0.4447733570389145,2026-07-14 09:07:59,0
0.5280605669843522,0.0252965671868018,0.070537488334496,0.3493509544367299,2026-07-14 09:08:00,0
0.4299389164431823,0.0906436997484026,0.1493782275320163,0.3661211739450234,2026-07-14 09:08:01,0
0.352768549135359,0.018837062497154,0.349393227907045,0.8090972143607709,2026-07-14 09:08:02,0
0.5673485989911174,0.07112201511547,0.4090400500102015,0.4812745737172177,2026-07-14 09:08:03,0
0.4535545303620106,0.0532206973057813,0.1648686815003947,0.6062916147656789,2026-07-14 09:08:04,0
0.374606132516075,0.3052748414176408,0.0384574691516891,0.3546361179449322,2026-07-14 09:08:05,0
0.4665696192152921,0.0800584927933326,0.2630226115728745,0.3564033425307733,2026-07-14 09:08:06,0
0.4149996599004795,0.0367026745563623,0.1573569542459202,0.6542628169672708,2026-07-14 09:08:07,0
0.7432511061639231,0.0103316293141123,0.1474867223183375,0.2652581974252457,2026-07-14 09:08:08,0
0.6477520828110469,0.0139892193555734,0.6462782460617343,0.4147388412567401,2026-07-14 09:08:09,0
0.5422810497763674,0.0217853772997028,0.4147992293425407,0.486609089387775,2026-07-14 09:08:10,0
0.7186861000925537,0.0246600672113729,0.3747629524986103,0.4989828839381269,2026-07-14 09:08:11,0
0.5523989371450253,0.1623104372377397,0.2796929732788783,0.4525137347620176,2026-07-14 09:08:12,0
0.4411137864712701,0.0703190217195724,0.2885658916428084,0.5444891516400823,2026-07-14 09:08:13,0
0.723805445007429,0.063257923827746,0.3640006661534929,0.5920093928960046,2026-07-14 09:08:14,0
0.6071185923379231,0.0103965212547881,0.4687872703897432,0.5986937035278337,2026-07-14 09:08:15,0
0.4202520167907981,0.1679347096737094,0.4726386851872279,0.323455028174334,2026-07-14 09:08:16,0
0.520660022095386,0.1095330675741786,0.1152404927628788,0.4357057952487388,2026-07-14 09:08:17,0
0.4394143640251375,0.0059705892632517,0.3365164227830619,0.6723052115769663,2026-07-14 09:08:18,0
0.3792837335610884,0.1050396110495672,0.277121220415658,0.6242922755650286,2026-07-14 09:08:19,0
0.6530324125264844,0.0669455013470003,0.5860872106443171,0.2615333113076401,2026-07-14 09:08:20,0
0.7696036777813642,0.007267642388762,0.4249854469946884,0.5373955939248147,2026-07-14 09:08:21,0
0.377414323155089,0.0523284173662117,0.3583404390594125,0.1646860227227169,2026-07-14 09:08:22,0
0.6099710120493167,0.0565934036713339,0.0773082225769541,0.488674048308455,2026-07-14 09:08:23,0
0.4660871238395735,0.0154632302409888,0.4076151836641503,0.7847728245473182,2026-07-14 09:08:24,0
0.4854734616335996,0.248708750970053,0.0785272344295529,0.3295200989498013,2026-07-14 09:08:25,0
0.4729929906650022,0.1619450501349786,0.2267565343622392,0.3476891379265487,2026-07-14 09:08:26,0
0.4407929000261468,0.0943903133507732,0.0958011682370734,0.6033959156167015,2026-07-14 09:08:27,0
0.5489789206144509,0.0529603886885143,0.4658522580588896,0.2343457362151866,2026-07-14 09:08:28,0
0.4447101474017353,0.045292112251562,0.1385244770179297,0.3799362781595414,2026-07-14 09:08:29,0
0.5752912051869663,0.0898570416788673,0.2635794780798222,0.5765848439892101,2026-07-14 09:08:30,0
0.5372701230016059,0.0673004287035547,0.603030834433518,0.3796913757316442,2026-07-14 09:08:31,0
0.5148969725350623,0.005477949612906,0.1372202566295533,0.4434145183702336,2026-07-14 09:08:32,0
0.4356269671112466,0.0613294072848549,0.3416992053636034,0.6002212326357781,2026-07-14 09:08:33,0
0.4748451805584031,0.1401759417111816,0.2820488187412148,0.5486048824021443,2026-07-14 09:08:34,0
0.6327842574719665,0.0524765785784774,0.0117710492439816,0.5238513250811665,2026-07-14 09:08:35,0
0.6026142196645816,0.0045437914504841,0.5336895620258729,0.4269120667418149,2026-07-14 09:08:36,0
0.4273288762218925,0.1317321755404733,0.0460802348734057,0.5403682433370585,2026-07-14 09:08:37,0
0.5550029538382648,0.0191855135636825,0.3190944824913976,0.4613704037367578,2026-07-14 09:08:38,0
0.6323095374444357,0.0255370012712376,0.3773231458250907,0.5544057334386383,2026-07-14 09:08:39,0
0.3453042347282784,0.0153539788072529,0.4229692399480928,0.4016654372645227,2026-07-14 09:08:40,0
0.6076461948994022,0.0342075151534826,0.4635331594918713,0.4519576889927017,2026-07-14 09:08:41,0
0.4646666530028507,0.1206836675302843,0.1702049182685385,0.3227904678747451,2026-07-14 09:08:42,0
0.6108755453784409,0.062543478910741,0.0062830847637256,0.4755647677030765,2026-07-14 09:08:43,0
0.4527354800953413,0.0195623766330654,0.4869881625174296,0.3514202540304803,2026-07-14 09:08:44,0
0.3292423181707766,0.1794803580232336,0.360464493961603,0.3029385864577865,2026-07-14 09:08:45,0
0.3502674269350289,0.1807134293132317,0.5629035784749709,0.5225463167763076,2026-07-14 09:08:46,0
0.5489271483750333,0.1745573258686318,0.5529795179931277,0.5151997498219911,2026-07-14 09:08:47,0
0.5740185607751184,0.023283991927547,0.5677603634355035,0.6064105983044388,2026-07-14 09:08:48,0
0.4360119306534978,0.051222679644597,0.3263978124996768,0.4121932484043102,2026-07-14 09:08:49,0
0.6189367811533132,0.3584882072163562,0.2243456950914151,0.5464462150424132,2026-07-14 09:08:50,0
0.3462390937519267,0.1262154727001576,0.5328811083609544,0.5692827209475428,2026-07-14 09:08:51,0
0.5353919574904205,0.0023400642742767,0.3036243097308704,0.55232088704892,2026-07-14 09:08:52,0
0.3996501161896594,0.0057452701891333,0.1231560358334041,0.3490760750035244,2026-07-14 09:08:53,0
0.46594561978924,0.0532205205409643,0.5756082359864028,0.5050607194774175,2026-07-14 09:08:54,0
0.5488457846600929,0.2048353148420268,0.5941945208916656,0.5394210221872995,2026-07-14 09:08:55,0
0.441217031409601,0.0660456512736623,0.313741269981981,0.482313756792629,2026-07-14 09:08:56,0
0.4976339789049749,0.0587946741871123,0.0505633224127856,0.1473676470719085,2026-07-14 09:08:57,0
0.6625307507106171,0.0095047122330809,0.2608620076235969,0.5068406955844713,2026-07-14 09:08:58,0
0.474830889651363,0.0912893795767997,0.5409524036162381,0.8351292243372002,2026-07-14 09:08:59,0
0.6423046030087148,0.1473964234110969,0.6071402740851376,0.4235657367637784,2026-07-14 09:09:00,0
0.4092900230078371,0.0408596577781759,0.1366518439813324,0.3646865170112416,2026-07-14 09:09:01,0
0.6060390153544603,0.1275741248269322,0.0446840030371218,0.5408941734139341,2026-07-14 09:09:02,0
0.7141363595998713,0.2849400723178519,0.5906846124912859,0.5311400494958307,2026-07-14 09:09:03,0
0.2501920270585036,0.01944275551508,0.2619257751282055,0.6719808177890152,2026-07-14 09:09:04,0
0.4487476376281014,0.0632469471453987,0.3645773792238311,0.2799297836980208,2026-07-14 09:09:05,0
0.6116430283472586,0.0288858554913262,0.6518051168585413,0.5981725971404681,2026-07-14 09:09:06,0
0.5191535349808196,0.1344004941893755,0.0444085127189094,0.5756219035251098,2026-07-14 09:09:07,0
0.5872287387526509,0.0735653448678334,0.4363713984616854,0.4584245285095378,2026-07-14 09:09:08,0
0.4716187489952559,0.0859388469468041,0.0494891414728016,0.5353490182399896,2026-07-14 09:09:09,0
0.5534922211473353,0.1365118076213321,0.2525362296141496,0.6458594197529455,2026-07-14 09:09:10,0
0.5247694276907592,0.0430298350981562,0.5411389585251654,0.6207196009648133,2026-07-14 09:09:11,0
0.6816766599994363,0.2105424024551398,0.2916166152887184,0.2983034664552035,2026-07-14 09:09:12,0
0.5733900045730324,0.0650021086749143,0.6714227179424597,0.6123754183792398,2026-07-14 09:09:13,0
0.5832519088955171,0.0146666649708191,0.3762323194370536,0.4708163595491976,2026-07-14 09:09:14,0
0.4943947945179208,0.1016210174171974,0.2159464220124866,0.4928238380803078,2026-07-14 09:09:15,0
0.4854164539703893,0.1345683799134708,0.1478622787074105,0.492875494963342,2026-07-14 09:09:16,0
0.4919428617199185,0.0325096155268484,0.2357269654096714,0.4571292465291123,2026-07-14 09:09:17,0
0.589991892990544,0.166146385646218,0.2505582988813923,0.6718164099389656,2026-07-14 09:09:18,0
0.4933150220401233,0.2019894488134557,0.0458563920835267,0.467772016073023,2026-07-14 09:09:19,0
0.5775815202747869,0.0276689411733079,0.2485645889094876,0.302058740048122,2026-07-14 09:09:20,0
0.7892824959546082,0.3505209372743853,0.3123457509100217,0.4182078645880516,2026-07-14 09:09:21,0
0.6465054347662417,0.0129359843413753,0.4865125475515728,0.5097531724469473,2026-07-14 09:09:22,0
0.5045734412930986,0.0192552310053176,0.4420387268977827,0.6778168795379496,2026-07-14 09:09:23,0
0.6856402882835242,0.0173726820640273,0.4770986883497287,0.5776492880397579,2026-07-14 09:09:24,0
0.494845505358184,0.1915933777023169,0.0051948962934451,0.3450954815981593,2026-07-14 09:09:25,0
0.3015894655761038,0.0906728243216168,0.1462156555627266,0.8787495825821035,2026-07-14 09:09:26,0
0.4237091615130127,0.0140755153103582,0.4453770822046199,0.5235244693618171,2026-07-14 09:09:27,0
0.3214281545482939,0.0495410327521067,0.3256531095840717,0.6852041748384403,2026-07-14 09:09:28,0
0.5015513930827331,0.0815480588374214,0.0031397851842334,0.4568938426829723,2026-07-14 09:09:29,0
0.5454099272527271,0.0074294558521387,0.541597181771197,0.5664929122924893,2026-07-14 09:09:30,0
0.7419820186539395,0.1827471446281953,0.52024900622585,0.6154647107105196,2026-07-14 09:09:31,0
0.5819862636681091,0.1389499350246148,0.3690634163091135,0.6760538725271599,2026-07-14 09:09:32,0
0.5172500627536607,0.0600611227266307,0.0443401918756762,0.6503246333719788,2026-07-14 09:09:33,0
0.6415592818918052,0.2915590809085199,0.5160079992848576,0.6207006623697513,2026-07-14 09:09:34,0
0.2810775830106753,0.0461667624818012,0.392843436220388,0.4307573081956688,2026-07-14 09:09:35,0
0.5711603612691853,0.3536276602155533,0.5264141948579004,0.3896965835497528,2026-07-14 09:09:36,0
0.6346188265491765,0.0941064329646563,0.5060578528985223,0.5343763619006592,2026-07-14 09:09:37,0
0.3679274364950021,0.0859596099409963,0.5405915454460826,0.6304485027007849,2026-07-14 09:09:38,0
0.6788279362935381,0.015481690310034,0.3485735942541846,0.445534158216617,2026-07-14 09:09:39,0
0.583357869932951,0.1823931015589731,0.0941050099567408,0.6515730741448542,2026-07-14 09:09:40,0
0.4939903979666705,0.047605392286777,0.4517597482805547,0.7135570457002918,2026-07-14 09:09:41,0
0.6182478865147515,0.0151015871699301,0.4176110370729429,0.3345710005065618,2026-07-14 09:09:42,0
0.8124360123209624,0.0010717356903576,0.4996612937170163,0.3472735608253061,2026-07-14 09:09:43,0
0.5647880478239128,0.070034029315975,0.1140190296630676,0.4587079321063299,2026-07-14 09:09:44,0
0.5726549119504052,0.0639790587743234,0.1309265280522012,0.5303776512073801,2026-07-14 09:09:45,0
0.4887651747870309,0.1084737286292018,0.5994833053813483,0.3972443521453273,2026-07-14 09:09:46,0
0.442470074767988,0.1886397141586221,0.5048658383658506,0.6974926593050328,2026-07-14 09:09:47,0
0.6416695691187543,0.0070523260603228,0.6114890399913998,0.5490081600790799,2026-07-14 09:09:48,0
0.4417303347216328,0.1122500806556412,0.5107528436253659,0.4874761307150357,2026-07-14 09:09:49,0
0.5517110528900423,0.0177068901276333,0.401899946709336,0.2514464702983625,2026-07-14 09:09:50,0
0.4865959652070651,0.166744953440926,0.4402891386180389,0.2706592338575868,2026-07-14 09:09:51,0
0.6000133608817716,0.1459499447460192,0.5986198173396319,0.5261215982549556,2026-07-14 09:09:52,0
0.5827847227411885,0.0664337113077103,0.3895374015555357,0.1399896284417792,2026-07-14 09:09:53,0
0.6662353614139204,0.1057461100452425,0.4256406146448097,0.6431685205177335,2026-07-14 09:09:54,0
0.4827595392405823,0.0322087984144853,0.104987736857324,0.4558636565083342,2026-07-14 09:09:55,0
0.5112303297619877,0.0543808965932091,0.3188695803665889,1.0,2026-07-14 09:09:56,0
0.427185601821381,0.1471729450864211,0.4822404690789657,0.8503890872329709,2026-07-14 09:09:57,0
0.4905515701911123,0.0524805762144811,0.1821104937454905,0.4521368530219325,2026-07-14 09:09:58,0
0.5879584206862316,0.0377979787938674,0.1358308239987775,0.4641533891836777,2026-07-14 09:09:59,0
0.6329736415905234,0.0581848099024061,0.2110041503234512,0.640439893870727,2026-07-14 09:10:00,0
0.4338958172391092,0.1503982427184171,0.1622735641532404,0.7536413322485322,2026-07-14 09:10:01,0
0.6463253702272753,0.034846351726345,0.1443596029811321,0.21911109743097,2026-07-14 09:10:02,0
0.7039485449518823,0.0162845869056951,0.2858078558398313,0.1953784263282694,2026-07-14 09:10:03,0
0.5922424589674992,0.1062696029008045,0.611226290025165,0.3816513150233001,2026-07-14 09:10:04,0
0.7657362042332911,0.1492767104238651,0.3411969720373221,0.5743925297008947,2026-07-14 09:10:05,0
0.4514870549733686,0.0090443676824671,0.1261732634910917,0.5606558850048504,2026-07-14 09:10:06,0
0.3956619886343727,0.0234049756831795,0.0514203078432361,0.6523089070349397,2026-07-14 09:10:07,0
0.3323440257645904,0.01306131308858,0.4686028875747216,0.2892360041228952,2026-07-14 09:10:08,0
0.7205949109852295,0.036497520669809,0.2574747899280004,0.1106253182646401,2026-07-14 09:10:09,0
0.6208068264066342,0.0510845780734819,0.5532777137821773,0.6184316769210136,2026-07-14 09:10:10,0
0.5366362431662892,0.1179463883675386,0.4439126485573061,0.3486693077825564,2026-07-14 09:10:11,0
0.5764189091521168,0.0898996440930387,0.5360364999087056,0.1582447518266825,2026-07-14 09:10:12,0
0.409790079549526,0.0828068824153645,0.1827865062194886,0.5043728414954143,2026-07-14 09:10:13,0
0.8331907437699487,0.0370800066492541,0.4660444656275087,0.6080587195640299,2026-07-14 09:10:14,0
0.5585465315713282,0.1572248959500755,0.1774745347189343,0.4616384603054877,2026-07-14 09:10:15,0
0.5561959465734452,0.0544001540133021,0.6322678343632007,0.407918093876614,2026-07-14 09:10:16,0
0.629272011717997,0.3302477475189597,0.4283241773418637,0.4556703368992014,2026-07-14 09:10:17,0
0.6002539640328327,0.0858360409176015,0.2182032851225716,0.4218789735287771,2026-07-14 09:10:18,0
0.5697696078090827,0.0115125150404956,0.1811464517078183,0.2655028249741629,2026-07-14 09:10:19,0
0.4495088774814164,0.0962562767868294,0.1281987277847793,0.3668296956348462,2026-07-14 09:10:20,0
0.5991228130932176,0.0335584859607346,0.4675820136173197,0.5645604422039887,2026-07-14 09:10:21,0
0.7663561086941656,0.098975103074937,0.1469219012692937,0.5326279297736773,2026-07-14 09:10:22,0
0.7027371373122765,0.0061514360516537,0.400652113662124,0.5080517841571992,2026-07-14 09:10:23,0
0.7321119495856843,0.0164003814095826,0.1778606284371235,0.3219600539556353,2026-07-14 09:10:24,0
0.4826173547958412,0.1652886935051532,0.4455688726861979,0.4521281991641039,2026-07-14 09:10:25,0
0.4259002976927761,0.0219909028300492,0.5486346772817624,0.1328753468044246,2026-07-14 09:10:26,0
0.5283131759993142,0.1548845024309516,0.523763123084466,0.5097182880272522,2026-07-14 09:10:27,0
0.5498329305658309,0.0279494202374788,0.512192004488986,0.709756040777342,2026-07-14 09:10:28,0
0.6729518820772307,0.0879003213539246,0.1260398755012453,0.2453315626224834,2026-07-14 09:10:29,0
0.3425703549824497,0.1011315150865032,0.0591101333803807,0.3874277858246922,2026-07-14 09:10:30,0
0.724567330075277,0.0613560500017921,0.4704844897300027,0.5338163098361624,2026-07-14 09:10:31,0
0.5244931079649342,0.0310905635160178,0.2477378933906741,0.6815968968897472,2026-07-14 09:10:32,0
0.4926159317983118,0.0204000474969714,0.2908579557078773,0.4094577183851551,2026-07-14 09:10:33,0
0.4232327861861207,0.0028701996503778,0.0205468259340895,0.3704181348342468,2026-07-14 09:10:34,0
0.3470290947351725,0.0309230589509623,0.1744523542368582,0.1661741871353981,2026-07-14 09:10:35,0
0.6408200705237873,0.0903942694319622,0.0222496305066636,0.497713515642554,2026-07-14 09:10:36,0
0.5519187352130287,0.2378105815420519,0.5919211798479305,0.8078595890837992,2026-07-14 09:10:37,0
0.3902905579420626,0.1749713266786458,0.1635510529168314,0.5255375399038869,2026-07-14 09:10:38,0
0.3896837911278272,0.124016727057762,0.3750720246262497,0.477601112317934,2026-07-14 09:10:39,0
0.5034161728219999,0.1326031273490868,0.0258225309778164,0.532692525379868,2026-07-14 09:10:40,0
0.7411028147268232,0.0933551413097765,0.4488557814840679,0.4793908206608184,2026-07-14 09:10:41,0
0.5124495351400661,0.0257290760166042,0.217203117080256,0.351098130031799,2026-07-14 09:10:42,0
0.365016032274529,0.2029516012368365,0.6045430307411299,0.6128748370495152,2026-07-14 09:10:43,0
0.5140913660855235,0.0948325518762563,0.5979394969001983,0.51728298762397,2026-07-14 09:10:44,0
0.5108926001853555,0.0701669653739143,0.2187280227296462,0.4839831286669955,2026-07-14 09:10:45,0
0.2234876763414152,0.0100327885525186,0.606592416579479,0.325124879411288,2026-07-14 09:10:46,0
0.5367891603265826,0.0505742259363867,0.670732327871084,0.689702403850994,2026-07-14 09:10:47,0
0.5158470423427436,0.0526533372834704,0.5556929579766133,0.5875054339005792,2026-07-14 09:10:48,0
0.6257673943491593,0.1706789021917707,0.5688014460048597,0.3927082667796631,2026-07-14 09:10:49,0
0.7624355715288341,0.067529190162949,0.1673322373523917,0.6414387123071457,2026-07-14 09:10:50,0
0.6767900341341104,0.0408569764665696,0.3881195680101909,0.4015632390018218,2026-07-14 09:10:51,0
0.5113472573718114,0.3213151484917897,0.0448742071799549,0.3560592950510024,2026-07-14 09:10:52,0
0.4120383191390978,0.0100069706718478,0.063511809553366,0.3596269410324395,2026-07-14 09:10:53,0
0.8483197246700754,0.0468716759322115,0.6725750238008223,0.1978272481064156,2026-07-14 09:10:54,0
0.550247116953146,0.0036540158225502,0.2196366782410198,0.5566033616837971,2026-07-14 09:10:55,0
0.5448777081948888,0.1149662377478356,0.5036571870079054,0.1882161514292051,2026-07-14 09:10:56,0
0.5403660414568052,0.2135993987430478,0.5430595205838572,0.2846371293558758,2026-07-14 09:10:57,0
0.5667108881021948,0.0280396446484606,0.577662703813353,0.1491097887840662,2026-07-14 09:10:58,0
0.526111132307491,0.1668441140498143,0.6717231774447523,0.4673957824640706,2026-07-14 09:10:59,0
0.4752138170365614,0.029496481003659,0.1622707729377869,0.4571168525316511,2026-07-14 09:11:00,0
0.4783915459295496,0.2063056136224315,0.0267465988710518,0.4289000066158017,2026-07-14 09:11:01,0
0.5393430977712458,0.1197101249470119,0.2766047304204636,0.3143722604644194,2026-07-14 09:11:02,0
0.47879869568316,0.1395183656203315,0.0872031006640643,0.2936296982255388,2026-07-14 09:11:03,0
0.4587124096330881,0.0015398562893082,0.0146694683178568,0.5554558921475858,2026-07-14 09:11:04,0
0.5558444722286366,0.2810263707139369,0.2424014428404998,0.3930872477045315,2026-07-14 09:11:05,0
0.5129965795320404,0.1107293234535515,0.5276123271259485,0.5317767933731625,2026-07-14 09:11:06,0
0.7215372935171559,0.0310218188469791,0.381030447876781,0.339541980898713,2026-07-14 09:11:07,0
0.2289315033192747,0.1509695329012012,0.2102974965892428,0.510132012636435,2026-07-14 09:11:08,0
0.6726335922750939,0.0282157914578346,0.4404301356252946,0.6896656249801714,2026-07-14 09:11:09,0
0.6909601548286581,0.176004605481108,0.1558846572250544,0.5749409808084525,2026-07-14 09:11:10,0
0.297408420522306,0.010185711250706,0.0092494333328491,0.4151867812237437,2026-07-14 09:11:11,0
0.5025977765790144,0.1038356746251106,0.5145515541989846,0.5223123955228353,2026-07-14 09:11:12,0
0.4991888343273556,0.0664159986939231,0.4198137649882937,0.4426633755688911,2026-07-14 09:11:13,0
0.3763539223866088,0.0086557521615288,0.5131698300309047,0.4824260186105884,2026-07-14 09:11:14,0
0.4510095623348679,0.0236321313617335,0.0257947019561309,0.4290736122350163,2026-07-14 09:11:15,0
0.4115581650732881,0.0010541428336312,0.5635786365803552,0.4548747534279371,2026-07-14 09:11:16,0
0.7509726742428893,0.0539943168411724,0.4169725908960299,0.515096334177966,2026-07-14 09:11:17,0
0.654158817693225,0.0305948253043336,0.3791537930414255,0.3222463858903901,2026-07-14 09:11:18,0
0.6939798260167367,0.0778688628459817,0.4204005863798669,0.3186435836084591,2026-07-14 09:11:19,0
0.6287865672046121,0.0301041312098822,0.5819814979215149,0.2590243061003821,2026-07-14 09:11:20,0
0.4093676886601105,0.0304305001028402,0.3950149144201534,0.2251516688949246,2026-07-14 09:11:21,0
0.4810399837540612,0.1160527698086952,0.3909816935225521,0.2864227043880563,2026-07-14 09:11:22,0
0.6012457442112931,0.0042010297660816,0.667041115141903,0.5066763759065895,2026-07-14 09:11:23,0
0.3983327414589913,0.1990846401368046,0.5094153234854251,0.3383359081640082,2026-07-14 09:11:24,0
0.6277582349485579,0.1632574430144412,0.2975602501802397,0.5633341139935122,2026-07-14 09:11:25,0
0.5147336759534576,0.0940767907146285,0.4761765413517334,0.4867188906742448,2026-07-14 09:11:26,0
0.4987881138248405,0.0767840436905369,0.2618082258101018,0.1662412079941464,2026-07-14 09:11:27,0
0.6275165581350597,0.1902452544833749,0.1537672153623064,0.5859492687149226,2026-07-14 09:11:28,0
0.5958974260886647,0.0174884427840834,0.4016955079019685,0.6108780655600614,2026-07-14 09:11:29,0
0.5004306981441364,0.0070117685437923,0.6249330111761654,0.3221657592066109,2026-07-14 09:11:30,0
0.6806745736799941,0.0233641075291928,0.6255780850667463,0.5483881810475744,2026-07-14 09:11:31,0
0.4150571223189843,0.135113972755968,0.2299223386155229,0.344141518919093,2026-07-14 09:11:32,0
0.6162506207841351,0.0030010762519421,0.355088462307374,0.4967907823157191,2026-07-14 09:11:33,0
0.6135434166356154,0.0746256512335964,0.1421518631877483,0.2788690666263194,2026-07-14 09:11:34,0
0.506526939252537,0.4601614157723948,0.670377549389919,0.1943015933454013,2026-07-14 09:11:35,0
0.5818920866132636,0.1652643348105977,0.6605991147979354,0.419921692316306,2026-07-14 09:11:36,0
0.3948962349008698,0.0629101767614188,0.4371737958702119,0.4613710010794238,2026-07-14 09:11:37,0
0.6527774493038238,0.0056025747202044,0.5415428882243505,0.4175439676097752,2026-07-14 09:11:38,0
0.521304569837852,0.1519656087602618,0.4813666338177236,0.2917424284764762,2026-07-14 09:11:39,0
0.1848570329169797,0.4195093018736481,0.399206863935384,0.4171889098514003,2026-07-14 09:11:40,0
0.3711991117820918,0.3519206778785317,0.0355035900037483,0.524247496111375,2026-07-14 09:11:41,0
0.1633243747332712,0.3499114593855819,0.3059624163235216,0.4739832840148379,2026-07-14 09:11:42,0
0.0798453096836246,0.5467269139484049,0.4542047129305722,0.5103621119860247,2026-07-14 09:11:43,0
0.0622787614912702,0.4359445482747581,0.4560543979094503,0.373959344488552,2026-07-14 09:11:44,0
0.318677821380481,0.492423896062257,0.2509553765479325,0.6686184478782744,2026-07-14 09:11:45,0
0.0950245736051253,0.5217953240073666,0.6340354521697203,0.2929994380680041,2026-07-14 09:11:46,0
0.4548758552383432,0.4139051570345376,0.1123184736121544,0.5591659309659103,2026-07-14 09:11:47,0
0.0,0.403707960829064,0.3366826357637074,0.6702459675244641,2026-07-14 09:11:48,0
0.4479594167002586,0.38955294152298,0.4650507040525855,0.5581017017751093,2026-07-14 09:11:49,0
0.2718481397970204,0.3740410509187041,0.4692629451449107,0.4487652190475524,2026-07-14 09:11:50,0
0.2353640910872098,0.3901800914927531,0.4365876417125333,0.3966476161328862,2026-07-14 09:11:51,0
0.1822255025499727,0.4684259015338451,0.1850383339699589,0.6469201237704532,2026-07-14 09:11:52,0
0.2941511878285126,0.4201385864826071,0.1048057220313436,0.2535157659347637,2026-07-14 09:11:53,0
0.2423683334813269,0.5319287925497539,0.428031795424841,0.3259634647976619,2026-07-14 09:11:54,0
0.3776359628698505,0.3915169116652975,0.4033463844532979,0.4175634738457474,2026-07-14 09:11:55,0
0.2603728926347604,0.4212538434733607,0.1204029214852158,0.6791669585763622,2026-07-14 09:11:56,0
0.2646497821545381,0.4266854335850122,0.4746552862393281,0.5419211064516025,2026-07-14 09:11:57,0
0.2037209576460407,0.4179730158364805,0.3062370745935714,0.3262959865077923,2026-07-14 09:11:58,0
0.2400788613225155,0.4450413654755535,0.44947106056621,0.43152186359888,2026-07-14 09:11:59,0
0.2833227328901714,0.3646396084165321,0.5637453601377462,0.3828850376837134,2026-07-14 09:12:00,0
0.0440753955255647,0.4028134156781262,0.1139162288555117,0.3676122743780885,2026-07-14 09:12:01,0
0.0869915216040459,0.3508939216710996,0.012458843007547,0.6377694908983798,2026-07-14 09:12:02,0
0.3349504545459541,0.3829336303902974,0.5244889953476793,0.2617119021370757,2026-07-14 09:12:03,0
0.2670877790003422,0.3985953619721429,0.4103503420798539,0.7385404040341057,2026-07-14 09:12:04,0
0.2250174718772533,0.4316718795724599,0.4709498844222122,0.6136667090742804,2026-07-14 09:12:05,0
0.2490157418554984,0.5981753481919463,0.564276213498381,0.6556829499781651,2026-07-14 09:12:06,0
0.2880389789785595,0.4198661325502726,0.5404627646295572,0.4071036082624077,2026-07-14 09:12:07,0
0.1828371935902707,0.4576944208836834,0.6469906437472426,0.4571776040723079,2026-07-14 09:12:08,0
0.1545556719070119,0.4017524254618492,0.3606521226936769,0.251887652594394,2026-07-14 09:12:09,0
0.2700493464267302,0.4273354746220532,0.3286892565069839,0.3972290909884162,2026-07-14 09:12:10,0
0.1308359213895503,0.3477783228591493,0.2703358403219787,0.5601409459049567,2026-07-14 09:12:11,0
0.2952320423491704,0.3665596710332667,0.103110857897294,0.6885113628461523,2026-07-14 09:12:12,0
0.044974635994153,0.3798470801222423,0.3853604033782022,0.3040407998840111,2026-07-14 09:12:13,0
0.368845301860144,0.3961034788447262,0.1862001080242007,0.4226911713401211,2026-07-14 09:12:14,0
0.302860650952715,0.345485940153786,0.6203011807717479,0.456960269109373,2026-07-14 09:12:15,0
0.2771847226961689,0.3543760359335067,0.3924912049248195,0.2578649769021361,2026-07-14 09:12:16,0
0.3633365263516727,0.3691666201076841,0.3989925818592648,0.5757702351924059,2026-07-14 09:12:17,0
0.4442862490175092,0.6453537644628277,0.2386942957685077,0.3653403237153441,2026-07-14 09:12:18,0
0.3670923478901657,0.3758602511313511,0.0345881874817218,0.4499065067437504,2026-07-14 09:12:19,0
0.0285791188824018,0.3976629327364889,0.0209474933451204,0.4088618266402095,2026-07-14 09:12:20,0
0.0951256311071203,0.3601327256628784,0.2847866365994747,0.3548858291177392,2026-07-14 09:12:21,0
0.1727527458087296,0.4220595552194794,0.0565366554198591,0.4800382684797193,2026-07-14 09:12:22,0
0.2499235575030448,0.3696245976119729,0.4084298057729231,0.446671805746579,2026-07-14 09:12:23,0
0.3082030753368284,0.3612977085843377,0.5931253484256932,0.4216749780218896,2026-07-14 09:12:24,0
0.1607872101847338,0.4035535147996637,0.5944336655809133,0.3646250003382167,2026-07-14 09:12:25,0
0.268973014997428,0.3419681933390793,0.443599107971757,0.5322833504669622,2026-07-14 09:12:26,0
0.1572732432859587,0.342153678492118,0.1418796183875604,0.745713397653148,2026-07-14 09:12:27,0
0.1743296645329946,0.3626078658596958,0.5810136966421248,0.5035446955020908,2026-07-14 09:12:28,0
0.080058738479043,0.3446910011350246,0.5965752961297821,0.6405257560519209,2026-07-14 09:12:29,0
0.1373731766707534,0.3512569642898344,0.1320573590621346,0.2587556378676323,2026-07-14 09:12:30,0
0.0865766639645139,0.3768250629310355,0.4964089792527892,0.5064042366865484,2026-07-14 09:12:31,0
0.131132261060791,0.4800169233325597,0.1926055739296996,0.3056067778060995,2026-07-14 09:12:32,0
0.3717483420151358,0.4139602598747526,0.5403478057996172,0.2448847671944958,2026-07-14 09:12:33,0
0.1342710196266484,0.4028666486372502,0.671460142691873,0.3628796371621252,2026-07-14 09:12:34,0
0.5589212808232763,0.3711582115378238,0.0197901329874164,0.6718471003464006,2026-07-14 09:12:35,0
0.3053172308575974,0.5707028997974052,0.6041702243146189,0.6331502301792713,2026-07-14 09:12:36,0
0.2687441212925798,0.3846859342910412,0.4190641709252398,0.520041579321644,2026-07-14 09:12:37,0
0.1450647088746068,0.3492764713583869,0.6553873760956891,0.235961701534396,2026-07-14 09:12:38,0
0.3298578710822647,0.4234497716728584,0.3128652194342273,0.4497640752391074,2026-07-14 09:12:39,0
0.17858353759153,0.3518151533057129,0.5704970222869744,0.5294317354944189,2026-07-14 09:12:40,0
0.2612955338739204,0.3776506707510406,0.0415984835907081,0.5092478731295729,2026-07-14 09:12:41,0
0.5503498008979691,0.4019508025995248,0.2254578421520186,0.1861925934392867,2026-07-14 09:12:42,0
0.2354415348817619,0.5185040914356631,0.0447129247329733,0.3387310091082689,2026-07-14 09:12:43,0
0.3830862642894512,0.3995808112246592,0.6567082949029944,0.470914082749879,2026-07-14 09:12:44,0
0.1634627638672165,0.4449337647004499,0.550005228327507,0.5669619242337727,2026-07-14 09:12:45,0
0.2426820641647198,0.7629194436464324,0.5739732877845826,0.1298256567742508,2026-07-14 09:12:46,0
0.4567735549613895,0.3535328736802293,0.6315245084698932,0.455228509239642,2026-07-14 09:12:47,0
0.1724980254212792,0.3689210866301702,0.056899211817524,0.5040504827321146,2026-07-14 09:12:48,0
0.4617112664903302,0.384341295892909,0.2593605321632808,0.6170874798286468,2026-07-14 09:12:49,0
0.330740189427484,0.3882735782023594,0.0474203345990633,0.5920096854091987,2026-07-14 09:12:50,0
0.180145076401678,0.3866924537244415,0.1415840191143098,0.5743659304893098,2026-07-14 09:12:51,0
0.321807501165765,0.5448434658135307,0.1540975703673149,0.3531897057948177,2026-07-14 09:12:52,0
0.3621347549419245,0.448378482692739,0.3156260870286751,0.1759204169372816,2026-07-14 09:12:53,0
0.3205510455754566,0.4214312603669831,0.1805065840136986,0.4182841915556792,2026-07-14 09:12:54,0
0.0606668951068244,0.3730995781802408,0.0675949179831916,0.6414078313351266,2026-07-14 09:12:55,0
0.1606220153193843,0.4897183539246184,0.1124087959438018,0.7040921892181435,2026-07-14 09:12:56,0
0.2174848277125264,0.6063739609895216,0.0987883557899447,0.5948399998423186,2026-07-14 09:12:57,0
0.2380055348913356,0.4884715767786687,0.6551813255500771,0.5498518959692884,2026-07-14 09:12:58,0
0.3204161421477781,0.3416305542436411,0.5111417290892242,0.5419006308030023,2026-07-14 09:12:59,0
0.2678981924701352,0.4278732187845348,0.6516000597547477,0.3921966606483349,2026-07-14 09:13:00,0
0.0885139376857448,0.3459781956755933,0.2958399225148695,0.4603581030611132,2026-07-14 09:13:01,0
0.2919058974044022,0.3669286792605586,0.1871136996949697,0.748185471943644,2026-07-14 09:13:02,0
0.3192203202424064,0.3467364078578668,0.5374188875514018,0.3303735537431489,2026-07-14 09:13:03,0
0.3131981104625699,0.4205410335808185,0.2193770568399004,0.7394999622739413,2026-07-14 09:13:04,0
0.3749658903283684,0.4405549665759383,0.2012727221162435,0.4296468093408183,2026-07-14 09:13:05,0
0.3456987302166331,0.3518777275848073,0.1562133260377023,0.6932098651575624,2026-07-14 09:13:06,0
0.3012699049409896,0.3828404036247119,0.0869324563787644,0.2561010524358553,2026-07-14 09:13:07,0
0.2385115087168084,0.3935120341989391,0.1723546735033284,0.5748991297887405,2026-07-14 09:13:08,0
0.0499093537288116,0.380815827177719,0.238960490528452,0.3632957923093607,2026-07-14 09:13:09,0
0.2977650977588807,0.35251036853195,0.4536710305785553,0.2547488601688092,2026-07-14 09:13:10,0
0.271453366363973,0.3878492949742,0.0417135442594118,0.5161267248955359,2026-07-14 09:13:11,0
0.2790281996383412,0.4602578560902003,0.1413912142912754,0.642662079922208,2026-07-14 09:13:12,0
0.0954609606419309,0.3477852565036388,0.5446486455671234,0.3459903921688148,2026-07-14 09:13:13,0
0.1186618975575996,0.3486324110264286,0.0985500868409379,0.2413506120631432,2026-07-14 09:13:14,0
0.3716903736770108,0.3789048311619,0.2304208333726815,0.4664718782356316,2026-07-14 09:13:15,0
0.2421406478096789,0.5841892310929625,0.5821335490114594,0.4671773060603392,2026-07-14 09:13:16,0
0.3276278843332271,0.4357827184204208,0.1039424601956679,0.568886295797411,2026-07-14 09:13:17,0
0.2501876257265831,0.4384242744664892,0.0553046541368405,0.6330828368314094,2026-07-14 09:13:18,0
0.2503580846676809,0.3798560307635021,0.3260227531951817,0.4716600094456646,2026-07-14 09:13:19,0
0.3580716818601518,0.4183846057616349,0.2033183543224671,0.7780114168929275,2026-07-14 09:13:20,0
0.1856488006456411,0.3423662077875891,0.3791625612177278,0.5170387313975455,2026-07-14 09:13:21,0
0.2582261706812798,0.427801555384722,0.5411324535545626,0.4257435260724613,2026-07-14 09:13:22,0
0.1920236199963098,0.5502566696208322,0.0919651236101171,0.2233444778826541,2026-07-14 09:13:23,0
0.195317061381433,0.4224538537959524,0.3908123804344933,0.439144688584955,2026-07-14 09:13:24,0
0.210175288104619,0.5181491883795637,0.3401520447285514,0.4273496693756784,2026-07-14 09:13:25,0
0.2731660711951896,0.4513990535478003,0.0966344905805953,0.6347962739746267,2026-07-14 09:13:26,0
0.1900705678041003,0.3524650600556064,0.4199858440898384,0.5551541288503059,2026-07-14 09:13:27,0
0.3957106958544826,0.5402055038436082,0.1839281129575216,0.2924881717877388,2026-07-14 09:13:28,0
0.1407670231141073,0.3473668551263518,0.3282436886032606,0.5087228391526866,2026-07-14 09:13:29,0
0.224675038690736,0.4066822140064237,0.0549916843399647,0.5885978553489828,2026-07-14 09:13:30,0
0.194696428150906,0.3545860720634421,0.3092097538692045,0.72562198379469,2026-07-14 09:13:31,0
0.4183816438724814,0.3425021980133491,0.2060430161660701,0.6231494929587931,2026-07-14 09:13:32,0
0.2701334661586824,0.3883040151423467,0.5536484608120994,0.6028866743520678,2026-07-14 09:13:33,0
0.3691640938276382,0.3713459525087961,0.0379498356228594,0.4907779789571518,2026-07-14 09:13:34,0
0.0707045656038274,0.3983180884214616,0.2816011809537664,0.5432880469200718,2026-07-14 09:13:35,0
0.2784912994143027,0.4149941775695462,0.308433154226389,0.6810629214619097,2026-07-14 09:13:36,0
0.3523034582246301,0.3453152698527675,0.4880408566746203,0.2679456957939421,2026-07-14 09:13:37,0
0.2565857031115691,0.3527027418983153,0.3864925530439165,0.4252615306141778,2026-07-14 09:13:38,0
0.3731519050747441,0.4113267267126637,0.4491016679253426,0.3575686788885517,2026-07-14 09:13:39,0
0.1855013469545018,0.3773830339858955,0.5231055606284675,0.5418227950902224,2026-07-14 09:13:40,0
0.4139202381774791,0.4530229295353958,0.580478825991329,0.6779780434515583,2026-07-14 09:13:41,0
0.5193839543996466,0.4316884248254612,0.2110369547525303,0.3856605327689699,2026-07-14 09:13:42,0
0.2038126805716572,0.5010014394468769,0.3620586847891452,0.0987610143909185,2026-07-14 09:13:43,0
0.1940121726489929,0.4421783348263409,0.5655921391520237,0.4152176693499139,2026-07-14 09:13:44,0
0.4191411993354733,0.3894785752256833,0.6662137185957523,0.6273041731468276,2026-07-14 09:13:45,0
0.4341018089119503,0.4369221952940494,0.5988835188502646,0.5671761383235681,2026-07-14 09:13:46,0
0.1848407896280227,0.3689975961861363,0.2498400617601359,0.5496671854062689,2026-07-14 09:13:47,0
0.1970135623443748,0.3727222249740796,0.1310554302704353,0.4363716053505095,2026-07-14 09:13:48,0
0.2134223083390517,0.4743287782799187,0.329293556276511,0.2765441637477326,2026-07-14 09:13:49,0
0.0874343267288001,0.391984402839004,0.4992491300616598,0.5636028599886167,2026-07-14 09:13:50,0
0.1379163282783658,0.4782173128378491,0.3314337817312316,0.3476957348340943,2026-07-14 09:13:51,0
0.1277809095228017,0.4890580851717452,0.3251083702390748,0.8305802632791077,2026-07-14 09:13:52,0
0.1558013841442405,0.5078840217526644,0.5643270461613542,0.5724358967960419,2026-07-14 09:13:53,0
0.2427180588672731,0.5536187073696534,0.2430596753069048,0.3882723871313529,2026-07-14 09:13:54,0
0.2745983707325547,0.3896365964296464,0.5788562072647584,0.3833550466126452,2026-07-14 09:13:55,0
0.4306551199144503,0.3742814048225383,0.2736491299425029,0.4662959878830355,2026-07-14 09:13:56,0
0.1284669745683188,0.4160096246376843,0.2207105570108263,0.4428494743735749,2026-07-14 09:13:57,0
0.3635299442674246,0.3811030984194975,0.3054406343953513,0.6598380045744157,2026-07-14 09:13:58,0
0.2214600665193178,0.4199566353935809,0.5132670768214366,0.5109884615616518,2026-07-14 09:13:59,0
0.2409659051715374,0.4458931777244442,0.0844550692721925,0.3641178404373528,2026-07-14 09:14:00,0
0.3268357712552516,0.4410508627247679,0.1318994502294287,0.7836007475118247,2026-07-14 09:14:01,0
0.1137221042860934,0.3815633083176193,0.6406065383243961,0.4890537529575023,2026-07-14 09:14:02,0
0.2921681361837313,0.3570827383134208,0.1177992495688454,0.6041654094207067,2026-07-14 09:14:03,0
0.2665645534708309,0.3895682215875988,0.3820725052027418,0.3838603863592462,2026-07-14 09:14:04,0
0.3052144837663787,0.3546315682106032,0.3898794783885149,0.5392570942814263,2026-07-14 09:14:05,0
0.2811136191856158,0.5300228631762212,0.3294498181418064,0.5309371579495501,2026-07-14 09:14:06,0
0.5379267290497507,0.3777360306504413,0.4339642115526076,0.1788565314070509,2026-07-14 09:14:07,0
0.1712208043695811,0.3558213497963304,0.1544081398346182,0.8035719379142177,2026-07-14 09:14:08,0
0.1838760883855627,0.3436976036643194,0.371922256394463,0.6876444873091971,2026-07-14 09:14:09,0
0.4693477223423334,0.0886062182329207,0.2503157323156264,0.4176214590119165,2026-07-14 09:14:10,0
0.4773697884429676,0.0864826020668123,0.4453656088767914,0.3048226413671644,2026-07-14 09:14:11,0
0.4676586679685859,0.0355421857531143,0.0947107383920749,0.5367687408230113,2026-07-14 09:14:12,0
0.6841941849720672,0.0063416753739977,0.3841949201541469,0.4950353576584181,2026-07-14 09:14:13,0
0.7116390010312896,0.0449825585484876,0.1243877787295046,0.5380657638657023,2026-07-14 09:14:14,0
0.4755594993545388,0.0318196133847402,0.187298702070086,0.5118141619715502,2026-07-14 09:14:15,0
0.4445435186883706,0.0965052857597003,0.1469179849138731,0.5621544948996751,2026-07-14 09:14:16,0
0.5991165531202054,0.0794612645670222,0.1227488033219046,0.7127073769288166,2026-07-14 09:14:17,0
0.4777555863924556,0.0387062108269702,0.5558919112440739,0.5720513009120576,2026-07-14 09:14:18,0
0.6182656645441269,0.0209710399461442,0.1920584923205776,0.3132399431909589,2026-07-14 09:14:19,0
0.5672845045334473,0.3778546820142909,0.6242199585716097,0.6991500947757476,2026-07-14 09:14:20,0
0.3635220585356073,0.0516535245023493,0.6530587935941582,0.743633206257651,2026-07-14 09:14:21,0
0.7266960323533447,0.0995067098328949,0.384453006533403,0.985435892543963,2026-07-14 09:14:22,0
0.7561426781347416,0.0129202315624227,0.0959084026488343,0.3014271485669604,2026-07-14 09:14:23,0
0.4705750195703906,0.0567415554347864,0.2519159075700422,0.5200219481751684,2026-07-14 09:14:24,0
0.4972609922794303,0.0023724805678147,0.5370409519856026,0.148068198602399,2026-07-14 09:14:25,0
0.577118020174601,0.0601039855551946,0.2470934506825935,0.5696589307454762,2026-07-14 09:14:26,0
0.5828789392970923,0.2838433888898967,0.0581886106320605,0.3934634654113349,2026-07-14 09:14:27,0
0.6213022365208092,0.0413830605100609,0.3746999340859573,0.78888095229384,2026-07-14 09:14:28,0
0.7815529309296069,0.003384519860475,0.5689695519867075,0.357241321476236,2026-07-14 09:14:29,0
0.5222476912086611,0.0026731856755725,0.5358242223625994,0.2109274102586622,2026-07-14 09:14:30,0
0.4485814200308747,0.0419087628743,0.1175509770943391,0.4057718862197048,2026-07-14 09:14:31,0
0.3796963764629996,0.0148768174349078,0.4528425778221495,0.1651239684045735,2026-07-14 09:14:32,0
0.4565683688136299,0.0020058811691251,0.1481270248359553,0.6013273033476043,2026-07-14 09:14:33,0
0.5392987921776607,0.1204950829039845,0.1465795776403834,0.1507903878029675,2026-07-14 09:14:34,0
0.7559862036073587,0.0523634718167813,0.5884755646837779,0.4857180200136661,2026-07-14 09:14:35,0
0.4818590999374752,0.029138555084257,0.1677770658132861,0.1487540203463846,2026-07-14 09:14:36,0
0.5697582175894416,0.1966475434169967,0.1769256629868485,0.4299236332084173,2026-07-14 09:14:37,0
0.5412792009933772,0.0105287632810713,0.0,0.7440753297200495,2026-07-14 09:14:38,0
0.6841202925338334,0.2665120598829329,0.5861829304774835,0.5388623022874377,2026-07-14 09:14:39,0
0.8428153685454227,0.0321610713349617,0.5335795365493669,0.343022389984513,2026-07-14 09:14:40,0
0.4802873148896085,0.1872090956398162,0.4222297723442007,0.4761733564474095,2026-07-14 09:14:41,0
0.4851991105030252,0.0788491855703397,0.5050598583862945,0.4840477003912062,2026-07-14 09:14:42,0
0.6670203286924887,0.1496351898431017,0.1020042214108035,0.5567774159529204,2026-07-14 09:14:43,0
0.624070245482204,0.3531072202713085,0.308360502845353,0.2624933740048956,2026-07-14 09:14:44,0
0.7621689610229274,0.0290377923755913,0.2361978256055124,0.5759650977129391,2026-07-14 09:14:45,0
0.6124558717120241,0.2772653987315363,0.0627427712093207,0.0485128833993666,2026-07-14 09:14:46,0
0.5006291738211267,0.0421175924034125,0.3270957115277816,0.3803955012703324,2026-07-14 09:14:47,0
0.6132533721032385,0.0415642117587012,0.6199185773808764,0.4030505857453823,2026-07-14 09:14:48,0
0.6746724091128194,0.0355140856386602,0.0265500574184583,0.5824858693365682,2026-07-14 09:14:49,0
0.6405013377618081,0.0665479170360587,0.1959348744823291,0.4847858516303218,2026-07-14 09:14:50,0
0.603367876931825,0.0142812530450718,0.1393928357413739,0.2563013420949436,2026-07-14 09:14:51,0
0.6696895305478927,0.0688698445576407,0.1600137858207209,0.3235847223795178,2026-07-14 09:14:52,0
0.6818561015684657,0.0666032662462915,0.6116278774009128,0.512950448242643,2026-07-14 09:14:53,0
0.7070928482678783,0.1225107704128682,0.3149266170734505,0.4685160286082954,2026-07-14 09:14:54,0
0.6201362874445527,0.1531260449489907,0.3137343011331578,0.3885162297004609,2026-07-14 09:14:55,0
0.523413019287102,0.0495590248326882,0.5120062562444577,0.4042408560854515,2026-07-14 09:14:56,0
0.5606204151178649,0.0307254206487749,0.1036506493373196,0.5925392900163522,2026-07-14 09:14:57,0
0.6862680603312813,0.0256192721888209,0.3278603423408771,0.3983441350597387,2026-07-14 09:14:58,0
0.4463716777931029,0.0184680125472075,0.2892671968415505,0.4670723717976037,2026-07-14 09:14:59,0
0.5869355954327059,0.005057845517654,0.4017351342732724,0.8283149029250265,2026-07-14 09:15:00,0
0.4965926485891282,0.0357812527918047,0.6730231365694561,0.2534025452144104,2026-07-14 09:15:01,0
0.5466342140224602,0.0268865581605495,0.5179847104034292,0.1849048791828385,2026-07-14 09:15:02,0
0.6947974958313389,0.2897366950985505,0.2676263110852591,0.6065251337886601,2026-07-14 09:15:03,0
0.5658826754648424,0.0696379998637326,0.5571330475416101,0.3725950450804181,2026-07-14 09:15:04,0
0.548731716866279,0.0364105755495238,0.1145764710239678,0.4302532392448497,2026-07-14 09:15:05,0
0.382003889150081,0.0741482724885788,0.02008502552317,0.3561948176244653,2026-07-14 09:15:06,0
0.6317009110389026,0.0127856068807047,0.1373091857628169,0.4396021362261759,2026-07-14 09:15:07,0
0.6197538528111548,0.0501104533659633,0.2289159264425734,0.7369017552163739,2026-07-14 09:15:08,0
0.7996983177305903,0.0840103227882896,0.3435693604151878,0.6094909966129252,2026-07-14 09:15:09,0
0.5067365747532715,0.0572923817875161,0.4140100220732937,0.6191050894254118,2026-07-14 09:15:10,0
0.569208388256556,0.0438547910569501,0.6130907247282634,0.254595299770461,2026-07-14 09:15:11,0
0.5727928069321253,0.4346467443435826,0.3430797057494066,0.2970021095603399,2026-07-14 09:15:12,0
0.7302466289681538,0.1812346520556956,0.3372999348583476,0.026965459505613,2026-07-14 09:15:13,0
0.5319281864993782,0.0833666887079515,0.0334115696017089,0.3516794307605284,2026-07-14 09:15:14,0
0.5763066224151782,0.0719206646280863,0.0230818260401462,0.634220083257933,2026-07-14 09:15:15,0
0.615297518184703,0.0827465232068419,0.3709100607420911,0.5638671803741966,2026-07-14 09:15:16,0
0.5653503547328586,0.0191799895725884,0.2947875926501035,0.4457273258515295,2026-07-14 09:15:17,0
0.4902978131639877,0.0429122132930323,0.5649671018752324,0.4775977039879744,2026-07-14 09:15:18,0
0.5662372747681674,0.0034257096570059,0.1078194674297588,0.370956438234892,2026-07-14 09:15:19,0
0.6705143485642071,0.0550906654922167,0.016384711787869,0.5139229550404294,2026-07-14 09:15:20,0
0.4215242499065663,0.066849484841333,0.3021047453304725,0.6036916409631679,2026-07-14 09:15:21,0
0.5589909468497536,0.0220539164225521,0.1595636479300409,0.2226534495469143,2026-07-14 09:15:22,0
0.4602210615980054,0.2838705373834917,0.0329880186238712,0.5291034022270238,2026-07-14 09:15:23,0
0.6849091037921392,0.2050560545323544,0.4877661038957302,0.6303376033487731,2026-07-14 09:15:24,0
0.362639653199332,0.1093266191018581,0.0747468229111868,0.4147569957806212,2026-07-14 09:15:25,0
0.4769613869490876,0.0650675438567153,0.409421949348592,0.5932644242587037,2026-07-14 09:15:26,0
0.5879479142792288,0.1741563475458094,0.1889202348316603,0.9314577902686708,2026-07-14 09:15:27,0
0.7288323159717415,0.0119423298973723,0.1164547068606621,0.4644724256867629,2026-07-14 09:15:28,0
0.5354310269418534,0.1334395621779868,0.2554216763133511,0.5440871613163569,2026-07-14 09:15:29,0
0.4774026993649828,0.011371538044671,0.5395429735019783,0.3630899045683242,2026-07-14 09:15:30,0
0.7662532679226305,0.1349613212075592,0.2637372754963873,0.5101621563112317,2026-07-14 09:15:31,0
0.3715520452055781,0.0275348086745346,0.5053993568168612,0.5548002500642295,2026-07-14 09:15:32,0
0.2825393314480002,0.1789651265194432,0.0841075896041726,0.5123364924075391,2026-07-14 09:15:33,0
0.5953936878253465,0.2461439055324084,0.5202232997870833,0.3180330156295388,2026-07-14 09:15:34,0
0.4837035220038391,0.0137430397912311,0.1591962917756013,0.5141793875093597,2026-07-14 09:15:35,0
0.4221505326159592,0.053020753682295,0.4559610927435925,0.7150895387722915,2026-07-14 09:15:36,0
0.6272078888316394,0.338308180411431,0.3807615252004342,0.5529387284180158,2026-07-14 09:15:37,0
0.5721308988830983,0.056380129508176,0.625581586736787,0.6350654255861796,2026-07-14 09:15:38,0
0.4763500068915878,0.1700407668551034,0.2605227203030816,0.4432478204671746,2026-07-14 09:15:39,0
0.3914354173722542,0.0758468088255278,0.0441393187217514,0.6011354511985716,2026-07-14 09:15:40,0
0.6466634286517674,0.0401611160991943,0.0124659967055404,0.5258430046551554,2026-07-14 09:15:41,0
0.6203130924622003,0.0287237971694689,0.5566651261320485,0.329037272994586,2026-07-14 09:15:42,0
0.531468140572327,0.01938451210636,0.3531063718707596,0.5321227825433339,2026-07-14 09:15:43,0
0.7621606228467737,0.1224736220686775,0.521889263821618,0.3225122808160829,2026-07-14 09:15:44,0
0.4163587231071852,0.0417072456560493,0.1575066836184688,0.37991624128485,2026-07-14 09:15:45,0
0.3623624320793497,0.061114755955869,0.2320638671658529,0.5114543495033277,2026-07-14 09:15:46,0
0.4611947516083948,0.0578668819856601,0.0198425966843427,0.5287189005350919,2026-07-14 09:15:47,0
0.5378216677702219,0.0735018345844316,0.6473761549405488,0.2909102199571163,2026-07-14 09:15:48,0
0.5720762121026746,0.1713202229016227,0.449543365333269,0.6497834907000515,2026-07-14 09:15:49,0
0.5146257095859712,0.3372015720456831,0.6283173075535117,0.5726757201560173,2026-07-14 09:15:50,0
0.5849654021364367,0.0446873751556492,0.1784409933440939,0.3684218694846164,2026-07-14 09:15:51,0
0.394845747061434,0.1500359661296969,0.4115403300254299,0.2351803143644963,2026-07-14 09:15:52,0
0.7143967119058828,0.123457624290519,0.4567068377012063,0.4579832929721537,2026-07-14 09:15:53,0
0.5334865602327741,0.0727477700854953,0.2135124911544482,0.4098226204286987,2026-07-14 09:15:54,0
0.6756910927455793,0.266760944069431,0.5709830093564318,0.4992657079506206,2026-07-14 09:15:55,0
0.5838592462104517,0.0190905006556176,0.6377205739675793,0.4230734111141436,2026-07-14 09:15:56,0
0.5973782097049816,0.0098672620227492,0.5957409655573943,0.1600095076106611,2026-07-14 09:15:57,0
0.610776977294797,0.1642444583636514,0.4975145476583848,0.4190370351902008,2026-07-14 09:15:58,0
0.5963058892827063,0.0493621905670033,0.1865047528645826,0.4322719516422024,2026-07-14 09:15:59,0
0.6194264630907205,0.1602509983231138,0.1893017804632702,0.5825393349243657,2026-07-14 09:16:00,0
0.7008084864491025,0.1908720032709807,0.648634738395544,0.3694663500331594,2026-07-14 09:16:01,0
0.566525511228697,0.0054947482930919,0.0064890666023332,0.7497221172241466,2026-07-14 09:16:02,0
0.6272846329114483,0.1835117943825271,0.4820065804226497,0.1753383383226541,2026-07-14 09:16:03,0
0.5325873520742135,0.0507695409755521,0.4754011515178762,0.6909277921841657,2026-07-14 09:16:04,0
0.7139642833035167,0.0609676207334445,0.4191039277988941,0.445278464673482,2026-07-14 09:16:05,0
0.4630342763988536,0.0840921811646283,0.6666568616362967,0.6186829560868214,2026-07-14 09:16:06,0
0.7567429108976462,0.2227265441487489,0.2096920859893842,0.4939320912350138,2026-07-14 09:16:07,0
0.5384652106199523,0.0016363770394476,0.2286196787426558,0.663473064406872,2026-07-14 09:16:08,0
0.3735958497527394,0.0553021389645052,0.0527460907032659,0.4191946127031469,2026-07-14 09:16:09,0
0.5584141294418445,0.0993556060260799,0.2979000489873615,0.3054064640593275,2026-07-14 09:16:10,0
0.4624818706208787,0.1095000100524235,0.1754441828238093,0.7084196485781695,2026-07-14 09:16:11,0
0.6428916375063839,0.1006810056085532,0.2309204649256857,0.4630105388747361,2026-07-14 09:16:12,0
0.4658522109954889,0.0123146411233321,0.5618620020491261,0.5166105777387844,2026-07-14 09:16:13,0
0.49032747426581,0.0303666786584981,0.6298530965784498,0.6787027174965488,2026-07-14 09:16:14,0
0.3192053254215268,0.0379200104952522,0.1246995393138716,0.3160716556626628,2026-07-14 09:16:15,0
0.4896015546220982,0.1393131187416534,0.2505418980433085,0.5764328232403404,2026-07-14 09:16:16,0
0.2558549901666719,0.0278882910836533,0.6252351688954942,0.386793126173397,2026-07-14 09:16:17,0
0.3554412703085072,0.0201900054539116,0.0412039236045071,0.4600206922829399,2026-07-14 09:16:18,0
0.6333798273922002,0.269526410511433,0.0617887263609417,0.4927286279084035,2026-07-14 09:16:19,0
0.6363894922515111,0.0007485944121211,0.109242050211323,0.2411576902934498,2026-07-14 09:16:20,0
0.5936678462718479,0.523249519661803,0.4005911842083874,0.3565658682139441,2026-07-14 09:16:21,0
0.4285831177138262,0.0964261694887208,0.1009421737787388,0.6973119144477398,2026-07-14 09:16:22,0
0.5375696908606523,0.1505076979443891,0.6518122381119322,0.6229394727188517,2026-07-14 09:16:23,0
0.5427991621555865,0.0297866171359684,0.3005387617548802,0.4711441659402799,2026-07-14 09:16:24,0
0.4058923956604366,0.0012195285935391,0.33746319783245,0.5200605749505698,2026-07-14 09:16:25,0
0.7214667883928015,0.1143009734476604,0.1657488170804748,0.4340919972959365,2026-07-14 09:16:26,0
0.6472449531913463,0.153380288402424,0.3168745947295461,0.6981934910875984,2026-07-14 09:16:27,0
0.5170291119598804,0.1151542085309634,0.4455316054916999,0.4491126426125329,2026-07-14 09:16:28,0
0.5464138158389826,0.0131487518258901,0.5056739063162174,0.5182557657772597,2026-07-14 09:16:29,0
0.5679318082202142,0.1195250301657524,0.5074869616112148,0.664508881499486,2026-07-14 09:16:30,0
0.3011614302004241,0.1250662097184683,0.3889204774712964,0.3568003302806661,2026-07-14 09:16:31,0
0.51392131556993,0.0917284145015606,0.6088824501502501,0.7305426647696414,2026-07-14 09:16:32,0
0.4623713041696442,0.1240353991061662,0.5502976003588395,0.2363199239863134,2026-07-14 09:16:33,0
0.4244757958923046,0.1596686296088448,0.5096295443157595,0.7418778207891541,2026-07-14 09:16:34,0
0.509899469194193,0.0811729536707213,0.0370246229293271,0.421544160935416,2026-07-14 09:16:35,0
0.756357132962951,0.0079096632648804,0.0041938757840179,0.4423380415965203,2026-07-14 09:16:36,0
0.6192035852983412,0.0570804940402193,0.142698538760901,0.1787987974531599,2026-07-14 09:16:37,0
0.4755081996000464,0.00688951165805,0.4466163352045245,0.4084066241916892,2026-07-14 09:16:38,0
0.6111107786364066,0.044681440985458,0.2766087533741065,0.3148155951986426,2026-07-14 09:16:39,0
0.7091316315402982,0.0446185554908035,0.2706855624994303,0.3839532015195006,2026-07-14 09:16:40,0
0.6528493743892736,0.0058188475393488,0.5955602429050507,0.4591981301177354,2026-07-14 09:16:41,0
0.5502959554198776,0.0366127059420955,0.6029554206692235,0.6343942115443948,2026-07-14 09:16:42,0
0.4665264765842576,0.0100336173073198,0.6121269406490631,0.5143780172705061,2026-07-14 09:16:43,0
0.6260065205955413,0.14098752956334,0.2110386929170937,0.5303878876533528,2026-07-14 09:16:44,0
0.5898772758212023,0.251896138476032,0.4651664806380636,0.3059025722993813,2026-07-14 09:16:45,0
0.6493589598676729,0.0063972988803496,0.1825757144881918,0.340261032896537,2026-07-14 09:16:46,0
0.6185312334808517,0.2649696107143253,0.1279853125256793,0.7689279435944645,2026-07-14 09:16:47,0
0.667659576471993,0.063112177004968,0.1239579876758453,0.3635468193672997,2026-07-14 09:16:48,0
0.4797696368593033,0.0303874086381057,0.2300586693491261,0.7461279069199622,2026-07-14 09:16:49,0
0.6994144215732824,0.0068166703367972,0.2892486048404355,0.4422800561568074,2026-07-14 09:16:50,0
0.5666533687684253,0.0592740458146813,0.5594212211790529,0.4815313626667552,2026-07-14 09:16:51,0
0.7892659065478904,0.1350879032342376,0.0803377577539928,0.6524038888517212,2026-07-14 09:16:52,0
0.4615172603404468,0.1048211274423133,0.4947244152231798,0.6846445092176907,2026-07-14 09:16:53,0
0.7490393848724536,0.0043880855093371,0.3576335608194166,0.4634373830361795,2026-07-14 09:16:54,0
0.5666902616292043,0.0064511880682251,0.1935662186771171,0.4190536548262393,2026-07-14 09:16:55,0
0.4659951895576919,0.0440111366728971,0.3316025682381505,0.4722191018033288,2026-07-14 09:16:56,0
0.4858575375021311,0.0298678833856918,0.2016491499460627,0.5352322654387609,2026-07-14 09:16:57,0
0.5052464053922842,0.022567842592607,0.4011767644378056,0.6237573775270127,2026-07-14 09:16:58,0
0.5935147144034082,0.0281544139463743,0.2918670457188843,0.481842034269579,2026-07-14 09:16:59,0
0.6052128185501536,0.1388974406445873,0.1103298648053948,0.5801756529482995,2026-07-14 09:17:00,0
0.4752093121656721,0.2260919921591833,0.0781089424014862,0.7432724751255382,2026-07-14 09:17:01,0
0.5403388316906108,0.0443304941678697,0.3679022014449293,0.5421677940194591,2026-07-14 09:17:02,0
0.7972104447803888,0.201960115144631,0.6075708107931448,0.5310240062487028,2026-07-14 09:17:03,0
0.7480410479901732,0.0331032354811703,0.2313051721429666,0.2381678030854228,2026-07-14 09:17:04,0
0.5949561147653626,0.0552358284680289,0.4934269258893616,0.0602973549812888,2026-07-14 09:17:05,0
0.5477319054821117,0.0218638897079728,0.4433403464197072,0.5432982415460663,2026-07-14 09:17:06,0
0.5574569969276107,0.0873270735223704,0.6272054844317179,0.4659952188403631,2026-07-14 09:17:07,0
0.615963989911486,0.329743301419827,0.5527050642631782,0.3988096647079784,2026-07-14 09:17:08,0
0.4219656113622829,0.0789675784068144,0.3813165051781369,0.5201256467067785,2026-07-14 09:17:09,0
0.5127121199632027,0.0378000818380078,0.4422415381738971,0.4715018601309051,2026-07-14 09:17:10,0
0.3454015957548401,0.0890885014522503,0.6048578657016581,0.6615892373613814,2026-07-14 09:17:11,0
0.5905575328288699,0.011186373485423,0.2687400935857499,0.4949414755685195,2026-07-14 09:17:12,0
0.6199567961875699,0.1874047201549971,0.2197414187792941,0.3616714769507161,2026-07-14 09:17:13,0
0.4859404539066386,0.0596956109861221,0.0068438610513792,0.639573550402603,2026-07-14 09:17:14,0
0.729835644280667,0.0509291972481154,0.556457953417496,0.4464283945738119,2026-07-14 09:17:15,0
0.3979014432533899,0.0752537551669073,0.5392296233813223,0.5654014291932392,2026-07-14 09:17:16,0
0.3696123134261522,0.0836796443205947,0.0699371896062358,0.4047884858643655,2026-07-14 09:17:17,0
0.5698369245972346,0.0063475542246262,0.3882239890798482,0.377205098213587,2026-07-14 09:17:18,0
0.6673685851995869,0.097971227867625,0.3121727144559869,0.494630689543353,2026-07-14 09:17:19,0
0.7428700661134271,0.0236363943250629,0.0795413731884893,0.4832176801545063,2026-07-14 09:17:20,0
0.488821684073775,0.1068462721126525,0.6602287611050375,0.557928752664635,2026-07-14 09:17:21,0
0.6711129598933714,0.1476038268261979,0.1442135654921816,0.4381870024449674,2026-07-14 09:17:22,0
0.5386607704845963,0.139104387419279,0.0448595637333751,0.1873818633787771,2026-07-14 09:17:23,0
0.5227598549583595,0.0686385803088293,0.4003449550001513,0.4119295487643915,2026-07-14 09:17:24,0
0.6479915922070407,0.0626828695059293,0.4973795940605192,0.608161552258371,2026-07-14 09:17:25,0
0.620564637898381,0.0131513091472999,0.0214189111536716,0.4335906836960586,2026-07-14 09:17:26,0
0.3563317230003012,0.1274730886750925,0.443378268261232,0.4417485652546644,2026-07-14 09:17:27,0
0.718282552255234,0.02702257771688,0.3581974733216528,0.6389672634733534,2026-07-14 09:17:28,0
0.7068477125220615,0.0586049690313929,0.0691357442429035,0.3672628373260167,2026-07-14 09:17:29,0
0.4690605531112403,0.028543547162913,0.1157996939744374,0.2343454637614841,2026-07-14 09:17:30,0
0.5901521117682007,0.012254812220973,0.3822389103711848,0.4554673384763301,2026-07-14 09:17:31,0
0.6017977077236173,0.0847728568956276,0.1992340817885302,0.4037064922202225,2026-07-14 09:17:32,0
0.5741313411362815,0.0047579842957907,0.6317606599547538,0.3265838633009572,2026-07-14 09:17:33,0
0.477982968436455,0.1178848514217266,0.5511953079983959,0.4531080384521742,2026-07-14 09:17:34,0
0.4635996736541297,0.0326127841469395,0.6622493576053121,0.5597971137430839,2026-07-14 09:17:35,0
0.540196623397368,0.0,0.1745159503537029,0.4796793379594595,2026-07-14 09:17:36,0
0.682263163435563,0.0610891980866509,0.6529220924338918,0.5302766076529593,2026-07-14 09:17:37,0
0.6076746444384392,0.0040853181325295,0.2901084927948734,0.7712768998255588,2026-07-14 09:17:38,0
0.4992868268749668,0.0275822108940554,0.2337045096517839,0.4263110833196282,2026-07-14 09:17:39,0
0.634717646972594,0.1047890741376092,0.0334833367400152,0.525695949149374,2026-07-14 09:17:40,0
0.205507584490327,0.0055158804843366,0.035110962890524,0.3997006512799417,2026-07-14 09:17:41,0
0.6794221104074071,0.156096699219837,0.4658102213609875,0.3457634934933331,2026-07-14 09:17:42,0
0.3369685709117389,0.0003152578718103,0.3080946365058939,0.3875909700712414,2026-07-14 09:17:43,0
0.5002558510931652,0.0241891603161159,0.1521812912963179,0.4045728524358924,2026-07-14 09:17:44,0
0.4104799890482282,0.115295101441804,0.4132292443460951,0.5386747890260688,2026-07-14 09:17:45,0
0.3897308939512234,0.032448216626367,0.1699258023315526,0.8569738488483125,2026-07-14 09:17:46,0
0.6808520537271802,0.0091635802687296,0.3887457318346973,0.3666116794498473,2026-07-14 09:17:47,0
0.4877763618552518,0.038122400722145,0.2415807474857837,0.4145130214293844,2026-07-14 09:17:48,0
0.5843072233607443,0.0269035936018949,0.5544374457683527,0.4710668251901917,2026-07-14 09:17:49,0
0.537663444156998,0.1579084498032886,0.552513138936112,0.5444858028469199,2026-07-14 09:17:50,0
0.5997834762964166,0.0320840961952769,0.3211800280328954,0.5233285722518648,2026-07-14 09:17:51,0
0.5523341548622596,0.1327991372751496,0.2359281337431829,0.6865968221742889,2026-07-14 09:17:52,0
0.3911167530477475,0.1899047721561209,0.2438385552342469,0.0929876518961463,2026-07-14 09:17:53,0
0.6613420852873233,0.0485542852250069,0.5424190919699443,0.0993008713046037,2026-07-14 09:17:54,0
0.4846872771649667,0.2055179493040096,0.2206744279853252,0.4018340341961881,2026-07-14 09:17:55,0
0.3586803957641264,0.0404332802442241,0.1404159002701045,0.6567129931525857,2026-07-14 09:17:56,0
0.4924696199271724,0.2839882706942733,0.056619503663245,0.2306907177548489,2026-07-14 09:17:57,0
0.7211539707034388,0.0079738386059803,0.3139995663366884,0.0,2026-07-14 09:17:58,0
0.6440272128709403,0.0991636823191933,0.3244017533058706,0.5725434359745263,2026-07-14 09:17:59,0
0.5018906301508108,0.058117585196217,0.5661315740395448,0.520145967471183,2026-07-14 09:18:00,0
0.5018188347439942,0.0418616305531523,0.1486218574261151,0.3067522308243275,2026-07-14 09:18:01,0
0.5050937326246943,0.0855029243387884,0.2562569724746347,0.3234972965406153,2026-07-14 09:18:02,0
0.789442216058547,0.1038849920636638,0.5442323274756272,0.3260243442518278,2026-07-14 09:18:03,0
0.5885079340860536,0.0003618378397637,0.55448554164229,0.4988489339843718,2026-07-14 09:18:04,0
0.5942113281570413,0.0155839316416508,0.2586958554329179,0.3809665191929241,2026-07-14 09:18:05,0
0.6653750434576507,0.1065761108523363,0.3088998007810379,0.5602063897234144,2026-07-14 09:18:06,0
0.5715367369120399,0.0937128030858786,0.2039020874076818,0.0244780676191291,2026-07-14 09:18:07,0
0.5125146480769711,0.2888014880897439,0.6278792216187947,0.3440849450494854,2026-07-14 09:18:08,0
0.5199473472085495,0.1222015106712254,0.0794973565149147,0.3010176076665387,2026-07-14 09:18:09,0
0.5347373418712313,0.2570851101779136,0.6286840596111872,0.4401555859818198,2026-07-14 09:18:10,0
0.5388132642251672,0.103506264473498,0.4603225669968983,0.3950876832699479,2026-07-14 09:18:11,0
0.6294928765234347,0.0302031284167489,0.3577125515898816,0.6088055275656794,2026-07-14 09:18:12,0
0.5493848951881372,0.009494330695478,0.0215641840341467,0.1837059719017484,2026-07-14 09:18:13,0
0.6300869174266638,0.1299710571714286,0.3199981115953355,0.4884431269900169,2026-07-14 09:18:14,0
0.5336566439268601,0.088203839414441,0.2742846917708091,0.5704887971331081,2026-07-14 09:18:15,0
0.552549136742106,0.0042049025739393,0.1081827779285896,0.7781944551342646,2026-07-14 09:18:16,0
0.3063227739006464,0.0380979223566953,0.4418232032886017,0.4040917243390747,2026-07-14 09:18:17,0
0.6518646272476634,0.2682356493647113,0.6538837349015886,0.533072688235849,2026-07-14 09:18:18,0
0.5843053968696845,0.0592359076347757,0.3783408732369787,0.1925807786406175,2026-07-14 09:18:19,0
0.6615487670298951,0.0483903358313796,0.4811329162133836,0.0984967511635566,2026-07-14 09:18:20,0
0.1998508357321307,0.052233740709355,0.0456790411408902,0.616313551605097,2026-07-14 09:18:21,0
0.7908206616605392,0.019993123173346,0.2809676572196918,0.4802757916084794,2026-07-14 09:18:22,0
0.526676748854043,0.0392607149929747,0.0779576227459233,0.6697054857412512,2026-07-14 09:18:23,0
0.6746106681783995,0.0394104349659793,0.4124379313002385,0.2614463713987822,2026-07-14 09:18:24,0
0.4199366783520547,0.0045796811775309,0.6318727937647685,0.5643400253056465,2026-07-14 09:18:25,0
0.6158757744305322,0.1245669778114519,0.4454400412103007,0.7801414938185292,2026-07-14 09:18:26,0
0.418334997358517,0.0459827061968205,0.0513066974827475,0.5483104405432835,2026-07-14 09:18:27,0
0.4692732161732532,0.1474332541579368,0.2385201581730696,0.5254132413088946,2026-07-14 09:18:28,0
0.7701507908724734,0.1621573726490393,0.3705754826538181,0.4825341494428006,2026-07-14 09:18:29,0
0.5206192708803847,0.0203295588286359,0.2712255801031034,0.2298534668341374,2026-07-14 09:18:30,0
0.5690047695806097,0.0914321283785518,0.5612368998745927,0.6980318378285548,2026-07-14 09:18:31,0
0.6463801217565484,0.0545609202288323,0.5484536215459462,0.3834394540305776,2026-07-14 09:18:32,0
0.6019935308526955,0.1811220003311317,0.4117878759335691,0.5618732902656625,2026-07-14 09:18:33,0
0.5610596999634353,0.0207364576842903,0.2511813067311688,0.2311088652345434,2026-07-14 09:18:34,0
0.5864954702811045,0.0966886121439833,0.1715955551575396,0.2924736866087105,2026-07-14 09:18:35,0
0.8281714080921044,0.0798896058105249,0.0708937960733327,0.7107526757437532,2026-07-14 09:18:36,0
0.5363950804037788,0.0298692140737469,0.2386761194449959,0.425603417059889,2026-07-14 09:18:37,0
0.5670682570567231,0.0125285352058778,0.2779394511612746,0.7136624303594745,2026-07-14 09:18:38,0
0.6677901899846795,0.090020182705265,0.4549031494189826,0.4686498823236067,2026-07-14 09:18:39,0
0.6742956722572246,0.1145383964690711,0.4430024344478853,0.1864958879257796,2026-07-14 09:18:40,0
0.6839587012257655,0.0323679874021542,0.0467959266532259,0.6238795894023017,2026-07-14 09:18:41,0
0.6189531141456489,0.0883679568094801,0.2658702278183288,0.3867935163212856,2026-07-14 09:18:42,0
0.407713426363013,0.042911248437343,0.1220353488847528,0.5929425738327136,2026-07-14 09:18:43,0
0.736883321683011,0.1066239766220805,0.1052141134767859,0.4851986061084905,2026-07-14 09:18:44,0
0.4073173843254744,0.0189561388152839,0.5569639991050584,0.2342950680578845,2026-07-14 09:18:45,0
0.5791062535743615,0.1886062283740131,0.0278006243216521,0.5074494475626512,2026-07-14 09:18:46,0
0.4538005266492242,0.0289183949036974,0.2819889986603077,0.8325202635466482,2026-07-14 09:18:47,0
0.5356221329625204,0.039136223479855,0.1128888958401427,0.5600340160535207,2026-07-14 09:18:48,0
0.5822038226857617,0.0050981149018066,0.5920185000133109,0.4719635627411858,2026-07-14 09:18:49,0
0.5813258745450735,0.0100830055138859,0.3748721490729574,0.6532003151031787,2026-07-14 09:18:50,0
0.5932485279860005,0.0619197612919914,0.1554551047529851,0.5148683785727264,2026-07-14 09:18:51,0
0.7345453185931814,0.0265764993808041,0.3380758671125408,0.5146869220402133,2026-07-14 09:18:52,0
0.5969965799419686,0.1540706108781618,0.4924070212890757,0.3065255746701099,2026-07-14 09:18:53,0
0.5142794505638896,0.0012522857269335,0.6451026714073482,0.5185766779203305,2026-07-14 09:18:54,0
0.6575269169544318,0.0406771381144454,0.1480877720442202,0.6468170581904706,2026-07-14 09:18:55,0
0.6842480054898745,0.0351213061308436,0.5966348140639103,0.3474109131570397,2026-07-14 09:18:56,0
0.3976830406220558,0.0016547913651151,0.6290577890902923,0.7090582199084361,2026-07-14 09:18:57,0
0.6140530769448068,0.0113274146355739,0.6170085307393106,0.4664940740901873,2026-07-14 09:18:58,0
0.6263562001775408,0.0455649973582124,0.4276774171815741,0.3391386956334701,2026-07-14 09:18:59,0
0.5079476171076569,0.0579575928999955,0.4239085965793177,0.6407679458673758,2026-07-14 09:19:00,0
0.7063278883241981,0.0442139031453319,0.271227518548633,0.4352835821968308,2026-07-14 09:19:01,0
0.5254359213918309,0.0646206268043886,0.5064963973736349,0.602673616385276,2026-07-14 09:19:02,0
0.5581144183485764,0.0771858920884099,0.3575251554191704,0.4344893709213986,2026-07-14 09:19:03,0
0.5227071528582516,0.0008399984996328,0.4559913724819428,0.4715942631143068,2026-07-14 09:19:04,0
0.5450733006067672,0.0532466094032026,0.2882381541824067,0.5601258047326647,2026-07-14 09:19:05,0
0.4132536402966139,0.2826226872288412,0.4924138292030375,0.5277034638495786,2026-07-14 09:19:06,0
0.3724961279514927,0.0624806915856845,0.5550568285256515,0.1619172990593671,2026-07-14 09:19:07,0
0.7322682613332975,0.0966168471438666,0.0982228631912213,0.3017871536917833,2026-07-14 09:19:08,0
0.4428118811762295,0.0318997700129934,0.5607556355646297,0.6298536777218771,2026-07-14 09:19:09,0
0.4256883710700904,0.1269597694769362,0.3635907011938994,0.4600259343534523,2026-07-14 09:19:10,0
0.2879237616654896,0.1265565587772381,0.5686630293687862,0.3973780503890154,2026-07-14 09:19:11,0
0.467471983476829,0.0628834839749601,0.2901541984412688,0.2638187158833882,2026-07-14 09:19:12,0
0.3863628489250723,0.3184687128107695,0.2549426066898604,0.3084275700858399,2026-07-14 09:19:13,0
0.7379009829664374,0.0114427235540628,0.6160923419353055,0.1577150892020282,2026-07-14 09:19:14,0
0.6629485837652696,0.0014478431584239,0.1687879199715997,0.4649623007226742,2026-07-14 09:19:15,0
0.4616402614811358,0.1255238937325249,0.5683574221242255,0.3854264329185417,2026-07-14 09:19:16,0
0.810271485177583,0.140508188305506,0.3256741338559241,0.3265292182453576,2026-07-14 09:19:17,0
0.6596228303427578,0.010922647320026,0.3459374194523695,0.4702668520975854,2026-07-14 09:19:18,0
0.5047147805447365,0.0263425317810254,0.2073937820174538,0.5393938789049555,2026-07-14 09:19:19,0
0.2469007015292112,0.0015003767565081,0.3856534678359262,0.8160381426974466,2026-07-14 09:19:20,0
0.8148367863449488,0.0296281109425881,0.2186745111966071,0.2392920575005721,2026-07-14 09:19:21,0
0.3784807687613497,0.1266394621122905,0.0260179848256179,0.6666447774952067,2026-07-14 09:19:22,0
0.3481504112910659,0.0622906553492898,0.1828219231096636,0.6368435187502985,2026-07-14 09:19:23,0
0.6644605998167051,0.0365177107732865,0.003857723561768,0.3565249615121431,2026-07-14 09:19:24,0
0.832479443890828,0.0396717723944859,0.6587374307389701,0.5136793148642265,2026-07-14 09:19:25,0
0.7073434602958446,0.0001041464318318,0.6502429322463998,0.4079525117776139,2026-07-14 09:19:26,0
0.610082443127945,0.030416039640259,0.265800144536025,0.5108720607778534,2026-07-14 09:19:27,0
0.613739403613253,0.0887597542752018,0.4903079141318582,0.7225982793367134,2026-07-14 09:19:28,0
0.6444058667024617,0.3122266125091236,0.2325505606423945,0.5780510890401547,2026-07-14 09:19:29,0
0.6332036417250575,0.1603023259651496,0.4517164144464869,0.5625332323757881,2026-07-14 09:19:30,0
0.5765638820993715,0.0020271149900948,0.5422274185690741,0.4123238331892858,2026-07-14 09:19:31,0
0.5555801908583676,0.1953563414092036,0.637447553593217,0.2437438216178544,2026-07-14 09:19:32,0
0.5358053316366648,0.1305106501102313,0.2692073412079649,0.4478142920460497,2026-07-14 09:19:33,0
0.4538374292771338,0.1294063963971033,0.527315691475463,0.6742002385379773,2026-07-14 09:19:34,0
0.5099498821300888,0.0522803784358514,0.1787320873638236,0.2368468313435821,2026-07-14 09:19:35,0
0.342512002372133,0.0433179340894855,0.6668074188066172,0.3123706249922087,2026-07-14 09:19:36,0
0.5315672835010935,0.0307967314422903,0.0169223306753202,0.5013658289016307,2026-07-14 09:19:37,0
0.4260204819088172,0.0057900592464283,0.406194165135553,0.3236388506531198,2026-07-14 09:19:38,0
0.4123864767664432,0.0221076224465594,0.4439094232687481,0.3543762976253211,2026-07-14 09:19:39,0
0.5645542383170767,0.0241641990806454,0.4631382866616303,0.4133974267155436,2026-07-14 09:19:40,0
0.7082598537261271,0.0564908714436941,0.0806722703801882,0.2626919044200515,2026-07-14 09:19:41,0
0.652100431783703,0.117477940382837,0.6319048818244305,0.3253239252820186,2026-07-14 09:19:42,0
0.3570302162096836,0.0548084907863045,0.1216340645861127,0.5937007423708871,2026-07-14 09:19:43,0
0.4258975333478857,0.0050756835437366,0.4191469557428286,0.2720104425219625,2026-07-14 09:19:44,0
0.6547626113610461,0.2702149370113749,0.1495903103456232,0.2255354595576351,2026-07-14 09:19:45,0
0.4267441285006637,0.2441566357992225,0.2065503241001913,0.3803730355302561,2026-07-14 09:19:46,0
0.516594123972634,0.1312983855959993,0.3677424254422287,0.5982646264500904,2026-07-14 09:19:47,0
0.6084395767229414,0.4053285294275444,0.2806485791620186,0.4496615020852368,2026-07-14 09:19:48,0
0.4284208928477787,0.0671222725476243,0.1075135907269664,0.4068409881648773,2026-07-14 09:19:49,0
0.5557194261172844,0.2809299891538762,0.1147301149656903,0.4882619194086404,2026-07-14 09:19:50,0
0.3850663295223064,0.0067004916554598,0.2812895752444536,0.2018845564944125,2026-07-14 09:19:51,0
0.4719290807081835,0.0388523945832443,0.5097877863207226,0.56030905537704,2026-07-14 09:19:52,0
0.5811391116951278,0.0217924682298305,0.6045736598589102,0.5425078216216486,2026-07-14 09:19:53,0
0.3543634664518612,0.0185962999314619,0.0562417393979377,0.4156835786299813,2026-07-14 09:19:54,0
0.595448258828568,0.0129450682059093,0.264417997261008,0.6420945814921808,2026-07-14 09:19:55,0
0.5408980472170012,0.0831420179434702,0.0671013587451071,0.3007868923542141,2026-07-14 09:19:56,0
0.6087286049864271,0.1297748363064585,0.0107391430041106,0.6616098337903238,2026-07-14 09:19:57,0
0.569773177577434,0.0737079657248431,0.4454002557175928,0.5058814535634983,2026-07-14 09:19:58,0
0.7049565962856789,0.0135593587230567,0.4054669310096705,0.4273231693362684,2026-07-14 09:19:59,0
