throughput_mbps,packet_drop_percentage,buffer_utilization_percentage,node_temperature_celsius,timestamp
0.6021159145562072,0.0037777947445808697,0.5460636317885773,0.40380447563364985,2026-07-14 09:00:00
0.5268338775163487,0.08560514769890955,0.4280414843403893,0.38322999396235025,2026-07-14 09:00:01
0.6200151978712745,0.2581859137508173,0.2610908279060499,0.5597494421817779,2026-07-14 09:00:02
0.723794274331718,0.07856345426839763,0.4537627210048995,0.42388728169025436,2026-07-14 09:00:03
0.5154654212493318,0.14600911107174344,0.17467370503754082,0.45886437127038127,2026-07-14 09:00:04
0.5154673677145606,0.18405692210305832,0.2321369453323459,0.5994961074117295,2026-07-14 09:00:05
0.7304552367314157,0.022090411742036447,0.6177262877818419,0.1757038100129662,2026-07-14 09:00:06
0.6342121160986529,0.020335061366689763,0.19529048383909586,0.692069232048663,2026-07-14 09:00:07
0.48756613590255604,0.08059531286178234,0.31621970927306436,0.4927928698843633,2026-07-14 09:00:08
0.6075513305292045,0.04518519970428835,0.5993024814243183,0.4153340719154226,2026-07-14 09:00:09
0.4882842078197731,0.1563749788120874,0.4763950760096661,0.46688952738582357,2026-07-14 09:00:10
0.4880100935683994,0.19659623899611076,0.041469901331497735,0.47515472969205774,2026-07-14 09:00:11
0.571912936095112,0.037218070526768794,0.09880687124209396,0.20420526788340432,2026-07-14 09:00:12
0.3163908063794654,0.023068282308782936,0.004843131476106058,0.7203276970844068,2026-07-14 09:00:13
0.3387227548016485,0.1294644910139261,0.42465049933907933,0.4877766692824701,2026-07-14 09:00:14
0.4765623570402543,0.027421532321617245,0.30118483028594195,0.5520374515599875,2026-07-14 09:00:15
0.4231466244443509,0.14764209381914,0.09002897784370915,0.6333956324051724,2026-07-14 09:00:16
0.5804829381258712,0.047047774880113614,0.6449787748693522,0.3177983008118419,2026-07-14 09:00:17
0.4355723812203434,0.09401133412900749,0.35642403098413805,0.5569120488395343,2026-07-14 09:00:18
0.37578578969282134,0.008561384511763376,0.16253812741564738,0.43834772977839487,2026-07-14 09:00:19
0.716991263733341,0.08346953268172273,0.3368471177167886,0.6166329384499849,2026-07-14 09:00:20
0.5164585938661767,0.05130491839523157,0.4574616959811682,0.14084844170547584,2026-07-14 09:00:21
0.5512323101664115,0.07540720711163065,0.050926810380697615,0.465312087083789,2026-07-14 09:00:22
0.3743103913302953,0.015692752633813385,0.18464458890156016,0.3847252222612121,2026-07-14 09:00:23
0.4786851222505182,0.11397725995211608,0.543261944005654,0.5503193821709425,2026-07-14 09:00:24
0.55637707953461,0.1695725066849353,0.3092642026740426,0.5563636786108939,2026-07-14 09:00:25
0.4067663029649397,0.020845294656506242,0.3678223337454695,0.3679583298043756,2026-07-14 09:00:26
0.5877684338309855,0.008578305734632091,0.2911744724978918,0.36723073914425486,2026-07-14 09:00:27
0.47201550434052364,0.0020309293406465248,0.029137855978127694,0.4634609309789339,2026-07-14 09:00:28
0.5086435257680433,0.08768294449986586,0.11123556902442634,0.3377192258379438,2026-07-14 09:00:29
0.4718888931674796,0.07974648611546335,0.29974851478283426,0.6158670945634754,2026-07-14 09:00:30
0.7628294331912714,0.06753845480553201,0.14050085598718015,0.42209903790295344,2026-07-14 09:00:31
0.541626063940212,0.022519226424297215,0.033233709291867086,0.016101190724628234,2026-07-14 09:00:32
0.4178257456133771,0.042316976521888004,0.5679783227209962,0.42120076515914606,2026-07-14 09:00:33
0.640745891861924,0.0770478082832313,0.6606493917445679,0.31501760538473,2026-07-14 09:00:34
0.3984849893011239,0.05861708780371789,0.533948798735637,0.2201914907678899,2026-07-14 09:00:35
0.5679888095701187,0.37608591255363333,0.5748070677871362,0.28320004701545365,2026-07-14 09:00:36
0.31089089597642644,0.012512601292656224,0.16259461301128836,0.4986686596025667,2026-07-14 09:00:37
0.3857586449680626,0.10140943404909371,0.6467931161730501,0.6937232006497465,2026-07-14 09:00:38
0.5665658289334327,0.04421806250933321,0.13224070266916282,0.5312690366706803,2026-07-14 09:00:39
0.6307776983424491,0.04771132768295631,0.6405964215944712,0.3841360534448657,2026-07-14 09:00:40
0.5635434247151944,0.1079412331954093,0.6698305794454921,0.554101542379041,2026-07-14 09:00:41
0.5295151967839511,0.10065427486470496,0.4790911021288112,0.40771940908804094,2026-07-14 09:00:42
0.5075278975395696,0.40462351319391676,0.6606165139602327,0.370042172080971,2026-07-14 09:00:43
0.367935054514646,0.01172085791119521,0.38329367183497504,0.29648874006778714,2026-07-14 09:00:44
0.45788268739508364,0.00937462108434356,0.1744289975585836,0.20090525031966,2026-07-14 09:00:45
0.488613672381076,0.11000393530951319,0.29399071649542136,0.41878478154278076,2026-07-14 09:00:46
0.6685570056621686,0.07372588874535142,0.3994781986472745,0.5064509593646238,2026-07-14 09:00:47
0.5839651121369541,0.027345586822068616,0.0487993037889418,0.4657073420508735,2026-07-14 09:00:48
0.33420303275137536,0.007053511706132525,0.4188706201831999,0.41461834963299715,2026-07-14 09:00:49
0.5816491541620399,0.007634091545347304,0.6606394925718104,0.32986352414703646,2026-07-14 09:00:50
0.49757152989927966,0.19175554278415735,0.12764696082449145,0.5784734334758852,2026-07-14 09:00:51
0.46297147621600565,0.018176296540731624,0.5335797407524562,0.27044868172900083,2026-07-14 09:00:52
0.6157456427945476,0.03333960439782208,0.6112669042904437,0.6053153940255172,2026-07-14 09:00:53
0.6654599393974784,0.021933127031081606,0.6353894471676759,0.32082921925668595,2026-07-14 09:00:54
0.6536373653095229,0.037426284429525496,0.6464620493030563,0.3607896669190582,2026-07-14 09:00:55
0.4437299767806457,0.006131496717686197,0.3508991303418126,0.24650693684913705,2026-07-14 09:00:56
0.5065665452861162,0.062485575192371724,0.6580320840672583,0.4009503007729198,2026-07-14 09:00:57
0.5825003397752059,0.005965479757228062,0.5098061320739831,0.6371972212973649,2026-07-14 09:00:58
0.658885354355986,0.1375499351069403,0.10848773867065657,0.5636562564830996,2026-07-14 09:00:59
0.4864161368656038,0.022715648757971635,0.32087663891158785,0.6376947081322824,2026-07-14 09:01:00
0.5212148400633023,0.06628847267033912,0.4835435662914575,0.564698448735621,2026-07-14 09:01:01
0.41206095605810833,0.18106669964778185,0.16620812021458675,0.304598653268946,2026-07-14 09:01:02
0.40140591596156866,0.08983353788881197,0.4311815332874516,0.4282452008230866,2026-07-14 09:01:03
0.6395580444985846,0.06498911386641734,0.44868942154252195,0.3563479596945909,2026-07-14 09:01:04
0.7040199372429436,0.033461100214056634,0.1091805725873252,0.6940326168686828,2026-07-14 09:01:05
0.534688867822163,0.03456349410516095,0.38029242397613555,0.28970137122752115,2026-07-14 09:01:06
0.6622035400075887,0.09451024768618002,0.5194521740482421,0.6241403734836259,2026-07-14 09:01:07
0.5861012662391651,0.43878372589663844,0.33569639621608244,0.6240213762083435,2026-07-14 09:01:08
0.4667418999572073,0.09255721078119036,0.0077143830685290765,0.7738705993401687,2026-07-14 09:01:09
0.5860727624804353,0.06965239967446925,0.005649541842394745,0.41562308668463643,2026-07-14 09:01:10
0.7255734460421709,0.11198150403093293,0.24011234992947872,0.5951236560893371,2026-07-14 09:01:11
0.538978795171424,0.053423703498828926,0.6235935535769157,0.8461872685995013,2026-07-14 09:01:12
0.7287279402972568,0.005284170399910888,0.15363335051325677,0.3823541340408241,2026-07-14 09:01:13
0.2326334546696459,0.07052826173875797,0.42696951767865693,0.23558739494969427,2026-07-14 09:01:14
0.6406697290219837,0.2698828221194284,0.1491859130926082,0.18039863375700782,2026-07-14 09:01:15
0.5535464356286016,0.016444006748777152,0.2162885829804721,0.5951860279361036,2026-07-14 09:01:16
0.5077764368879368,0.0999820313618047,0.570937769370309,0.17989626419260651,2026-07-14 09:01:17
0.5541052853979086,0.019139547401598043,0.49063845332714057,0.4216011992783937,2026-07-14 09:01:18
0.30758325965805927,0.06551536056217522,0.06383611818165454,0.5511273262342176,2026-07-14 09:01:19
0.5171823233346703,0.00866917020942217,0.2884026308791327,0.5107899833286873,2026-07-14 09:01:20
0.5855649727722076,0.05108767810896435,0.019213230418563168,0.5492286149219234,2026-07-14 09:01:21
0.7184430441863151,0.12047747425654953,0.32356497381328664,0.516727585308379,2026-07-14 09:01:22
0.4817809795191914,0.03644910332087349,0.4458822168020303,0.685760122371315,2026-07-14 09:01:23
0.4473725559784383,0.09333649401214138,0.07940226039120708,0.3288123949233204,2026-07-14 09:01:24
0.48373875528371246,0.13547703085947418,0.19419928232100436,0.3728586821391642,2026-07-14 09:01:25
0.6517548946796868,0.22365380184693562,0.2676067197787785,0.3575541691300681,2026-07-14 09:01:26
0.5822024828993811,0.022819328980856826,0.6191042520842949,0.6139806121144717,2026-07-14 09:01:27
0.4804187450877655,0.04350401402932592,0.6687766289936755,0.6252123929172737,2026-07-14 09:01:28
0.6040784451547985,0.014106910091538905,0.029819268818289932,0.5533530091095913,2026-07-14 09:01:29
0.5547356335383371,0.4175383467191076,0.5122975105096127,0.6705023496002509,2026-07-14 09:01:30
0.6580672851209008,0.22344671157839635,0.250013086225011,0.292700667808683,2026-07-14 09:01:31
0.45999197367598665,0.06627830491311451,0.26398293517409976,0.7478902399211371,2026-07-14 09:01:32
0.5043791697687732,0.15754088908142877,0.5077543711900131,0.7248552347474306,2026-07-14 09:01:33
0.4967385535887491,0.06282321023952611,0.6183600203227058,0.5988511975365611,2026-07-14 09:01:34
0.3697142656075198,0.0834074447226513,0.6402587217112131,0.7662200803077672,2026-07-14 09:01:35
0.578333823211976,0.00795836296244153,0.38840267389998834,0.21613637860688018,2026-07-14 09:01:36
0.5741765719239292,0.12016540195163121,0.2401742115521981,0.3972633703389796,2026-07-14 09:01:37
0.543832516766741,0.011654196433005252,0.530179920384783,0.36353043312192224,2026-07-14 09:01:38
0.5154139955124789,0.14932059096957284,0.16867480602524892,0.5965886323479443,2026-07-14 09:01:39
0.375422166216784,0.642313500916467,0.7164917443840132,0.31316231368907,2026-07-14 09:01:40
0.49335523208045384,0.6175683200597132,0.5780367697362914,0.6023504957794765,2026-07-14 09:01:41
0.5025945846965256,0.5153954577487584,0.7788531056016003,0.700425673350991,2026-07-14 09:01:42
0.4481095546256093,0.5430852663192547,0.4984119553233399,0.59238489240207,2026-07-14 09:01:43
0.5241044956512385,0.538318330815079,0.46552838010021386,0.5265602310925916,2026-07-14 09:01:44
0.5911299013291964,0.5503718776662923,0.9551144784255816,0.32312394143951195,2026-07-14 09:01:45
0.7668494782303633,0.5200820851495166,0.40503184353063,0.345684903215552,2026-07-14 09:01:46
0.5639239416891992,0.7482290838398815,0.6773353471015197,0.6810811600798088,2026-07-14 09:01:47
0.5737610387449092,0.5811496971320347,0.4852425280727582,0.6058467067768425,2026-07-14 09:01:48
0.5344000839320774,0.5433793119799205,0.36266996015503367,0.4749229366878267,2026-07-14 09:01:49
0.3157398056211308,0.5554353506738358,0.36070854309290157,0.41430756684821457,2026-07-14 09:01:50
0.5400828305052391,0.5628594147821752,0.4544981157522146,0.15707368633259278,2026-07-14 09:01:51
0.5503670715000696,0.5906081673463532,0.9204368350048517,0.3098488295640336,2026-07-14 09:01:52
0.8352643461445849,0.5741500770237896,0.5267637198998406,0.7869569023492109,2026-07-14 09:01:53
0.5204202629963729,0.7272438877566433,0.9768231262466907,0.27631621663564854,2026-07-14 09:01:54
0.5789772474508778,0.5709129418751395,0.7283150868560989,0.511478588918949,2026-07-14 09:01:55
0.5391109011823368,0.9261815562616879,0.6306142287887145,0.6423376671060255,2026-07-14 09:01:56
0.40466966145084005,0.6750364911518822,0.7272819018800749,0.2804010070778449,2026-07-14 09:01:57
0.6787175312988252,0.5322154527781755,0.6845718659142778,0.5107155820351061,2026-07-14 09:01:58
0.6323742595857941,0.7400199203357846,0.847674581895987,0.6312144082449733,2026-07-14 09:01:59
0.6370097647740403,0.5228132244710898,0.5267753907914529,0.483164994806784,2026-07-14 09:02:00
0.43541074113902567,0.6574543158317747,0.5743121697788252,0.9400565701757557,2026-07-14 09:02:01
0.7095393390215431,0.5531501637242885,0.938846655620138,0.21422043275934355,2026-07-14 09:02:02
0.3770250379173495,0.6918437085727572,0.9741262903025152,0.650542244039277,2026-07-14 09:02:03
0.6128031184489752,0.6851722709332255,0.9378117075945245,0.4535202655737849,2026-07-14 09:02:04
0.8029232135304004,0.6522277942360414,0.619048309207088,0.6046582288481104,2026-07-14 09:02:05
0.42578985995457747,0.6455069133877278,0.8622205840149582,0.5517662864288613,2026-07-14 09:02:06
0.4760869140544558,0.5432754719034368,0.6573770703174433,0.36387395542784784,2026-07-14 09:02:07
0.5550407810446282,0.5194552200332837,0.6716635864479971,0.5178005066617652,2026-07-14 09:02:08
0.483534999548617,0.556288910917658,0.4743460051699558,0.1839355964958158,2026-07-14 09:02:09
0.3593820798821737,0.5285225814836485,0.7347212168667387,0.5776737357022288,2026-07-14 09:02:10
0.5513549908681671,0.613617758736439,0.4618516319843185,0.5288651543800724,2026-07-14 09:02:11
0.4172812323453925,0.5485192090165284,0.559835940174844,0.583339105130491,2026-07-14 09:02:12
0.5993746398737766,0.8293064902256692,0.9125267735300991,0.6504446226007179,2026-07-14 09:02:13
0.4342207965093839,0.5997074384936789,0.4759601353839085,0.5399776846517144,2026-07-14 09:02:14
0.7269840348844125,0.6598402297194652,0.38438415838719797,0.5048568931356936,2026-07-14 09:02:15
0.45036500711080385,0.5243888951584951,0.3829351048243638,0.34021075920140387,2026-07-14 09:02:16
0.5050431716130042,0.6813493946464968,0.9703047207744282,0.3672232360992984,2026-07-14 09:02:17
0.6396755827123192,0.7308847423493057,0.6779838627844073,0.6710208419554635,2026-07-14 09:02:18
0.3972969550003414,0.5692487400108351,0.6122864925718217,0.7109523336109591,2026-07-14 09:02:19
0.5701935620578679,0.5918264026429607,0.8827791172056629,0.4430720862531321,2026-07-14 09:02:20
0.69819904238078,0.6358224237618143,0.8995876757948573,0.48852492084548516,2026-07-14 09:02:21
0.35264561422236973,0.5286584407602591,0.5602579398604308,0.33644383021838076,2026-07-14 09:02:22
0.5651161704961933,0.5718691682011603,0.803773506399903,0.6687846574779419,2026-07-14 09:02:23
0.5740375648025322,0.555673756318194,0.8559932184689186,0.5876196731805567,2026-07-14 09:02:24
0.6359179514366088,0.5257629455646878,0.777518797452855,0.7917240850119565,2026-07-14 09:02:25
0.3965753617416033,0.5513647465671186,0.43857935984269797,0.3406499497506146,2026-07-14 09:02:26
0.38667503460211344,0.5182792389733863,0.9265766397739852,0.420691089523316,2026-07-14 09:02:27
0.6051068365279532,0.514483674224545,0.6996615383844871,0.5181923859949671,2026-07-14 09:02:28
0.5784363046488716,0.5246492801932504,0.5267594633402872,0.5845916588255053,2026-07-14 09:02:29
0.5729243079667803,0.7939913736047198,0.6229427789290214,0.4466625173877512,2026-07-14 09:02:30
0.5843006229491321,0.5803360320129909,0.3617544040723009,0.3415077680774048,2026-07-14 09:02:31
0.4626036225097506,0.8004991982610963,0.42259216576518394,0.6221741759853487,2026-07-14 09:02:32
0.5707619029330422,0.5606180263783174,0.8522362810573495,0.5965336049399648,2026-07-14 09:02:33
0.5779724804380865,0.544156337881156,0.3364482938383116,0.33457849059889133,2026-07-14 09:02:34
0.4585339038973728,0.5724851148854879,0.6171064174524339,0.698011018707827,2026-07-14 09:02:35
0.7644295362420245,0.5616797842687322,0.6884876294458161,0.6683754032003559,2026-07-14 09:02:36
0.5994031520190186,0.5217854313515697,0.3732510163759194,0.5026502816037506,2026-07-14 09:02:37
0.40198722289696326,0.599672783070699,0.9920629295178975,0.49389951554617406,2026-07-14 09:02:38
0.6210662265539656,0.533031339917201,0.48879496742179,0.5698042922342217,2026-07-14 09:02:39
0.42766956265917744,0.5947679619561189,0.5413978004235067,0.34330884229525793,2026-07-14 09:02:40
0.6365417740215871,0.6019308049528469,0.5412251777876971,0.48596981446999665,2026-07-14 09:02:41
0.6805875252063593,0.5263300065230231,0.4916863003798237,0.13682392886689332,2026-07-14 09:02:42
0.4459274812320861,0.517656400036952,0.33743345917539247,0.621381966573542,2026-07-14 09:02:43
0.6574426172946601,0.6418188624945288,0.8278448013526334,0.23135541008384375,2026-07-14 09:02:44
0.5921649245775492,0.5648276143361809,0.9878636018491114,0.7216845957731333,2026-07-14 09:02:45
0.6406884204218115,0.5173671161164639,0.48756073903028435,0.42835224925794835,2026-07-14 09:02:46
0.7681070369598737,0.9623531543537394,0.7831760381100247,0.4473025480111592,2026-07-14 09:02:47
0.5141334481665157,0.5173323831249255,0.8363015393162085,0.3807395647466314,2026-07-14 09:02:48
0.4538645109241536,0.613641311073515,0.9080766992640751,0.4350844631950799,2026-07-14 09:02:49
0.43776685544027266,0.8636031277085542,0.6211916809317303,0.7081040144676618,2026-07-14 09:02:50
0.4465051017724822,0.5355895493280824,0.5405435963306758,0.0831621383819614,2026-07-14 09:02:51
0.5340852172551731,0.5253514067037586,0.5556117494508757,0.6854560892981643,2026-07-14 09:02:52
0.5836727097770388,0.5232995004400655,0.8165771793905334,0.5352428166734295,2026-07-14 09:02:53
0.5760302951901294,0.5431032523580729,0.8867549058938856,0.2880642809820584,2026-07-14 09:02:54
0.6412958057219629,0.5213456286438707,0.45880493024151253,0.30913531646849357,2026-07-14 09:02:55
0.5447677571196535,0.6128405130177185,0.5863661760736433,0.7493570961983509,2026-07-14 09:02:56
0.7155549651186172,0.5177421403850223,0.9441329160440404,0.32990178862711117,2026-07-14 09:02:57
0.5118489796541629,0.5730540914620491,0.8799593845680966,0.29665066649823224,2026-07-14 09:02:58
0.8657252096214856,1.0,1.0,0.6631145470269115,2026-07-14 09:02:59
0.6174044005196582,0.6558423284593664,0.8446237944113529,0.5353275100742771,2026-07-14 09:03:00
0.4416030349379982,0.5937931086910806,0.6013601915163963,0.3311146564194405,2026-07-14 09:03:01
0.4162629597155473,0.5434690186304804,0.7343894101015706,0.5158213096178095,2026-07-14 09:03:02
0.600427436745497,0.5957403094403034,0.7818063233201782,0.31706394986009645,2026-07-14 09:03:03
0.5167328805492472,0.5761768695015306,0.389300952957142,0.6572763215192419,2026-07-14 09:03:04
0.627877038055376,0.5596584195983275,0.7033014710920126,0.6509649845787355,2026-07-14 09:03:05
0.5993325746306204,0.5242105182815748,0.8143534268770897,0.5662764500714581,2026-07-14 09:03:06
0.5345917932525522,0.6981058862614237,0.44917508555026514,0.5390243906469627,2026-07-14 09:03:07
0.442831755152426,0.5632591440921118,0.8623999490059956,0.7629227375381111,2026-07-14 09:03:08
0.36362839242646033,0.5307303609825557,0.7297640022738002,0.4811151535667628,2026-07-14 09:03:09
0.49028816991721447,0.5513951152740779,0.9780107082236051,0.2920874176889372,2026-07-14 09:03:10
0.6447595543704131,0.5578984370859915,0.36502296048381944,0.5530728165879975,2026-07-14 09:03:11
0.5686088877437836,0.6623078472783523,0.5152069563241453,0.8148941342313885,2026-07-14 09:03:12
0.39553346237663556,0.6251886731330543,0.7417442197248503,0.31882265623583317,2026-07-14 09:03:13
0.5637583289873418,0.6374699958325807,0.5362510670756313,0.42333800352218365,2026-07-14 09:03:14
0.5889088900388731,0.5131980388154422,0.8177918572538688,0.5477889698187632,2026-07-14 09:03:15
0.43843753959609577,0.5581939350043921,0.8478288926298505,0.47254156030482086,2026-07-14 09:03:16
0.5614516778795273,0.5683022992460733,0.40551175103072473,0.3240149997164061,2026-07-14 09:03:17
0.5501274066790005,0.5139054971707832,0.6826557417963126,0.660641764210605,2026-07-14 09:03:18
0.40771753025056423,0.5379369142396438,0.6793112519343502,0.8523287775570894,2026-07-14 09:03:19
0.5856449746649518,0.6341971811464207,0.5852475718856776,0.5125427274746688,2026-07-14 09:03:20
0.6097119962633099,0.5248413517332562,0.9650091868893631,0.3365311937211337,2026-07-14 09:03:21
0.6716311087314283,0.5776827068698982,0.8939822452983807,0.23336040898689236,2026-07-14 09:03:22
0.6681633710840923,0.5329403103673712,0.8061932020664736,0.5224367028354759,2026-07-14 09:03:23
0.3798919812510619,0.5132921474304475,0.8177261464285744,0.6577652159662768,2026-07-14 09:03:24
0.4320392262124076,0.5358166818107921,0.6475269556973157,0.5571833529484569,2026-07-14 09:03:25
0.6042880367574212,0.830234088397101,0.956970983691942,0.48078076544320014,2026-07-14 09:03:26
0.604139919801508,0.6503188053488707,0.8044320204000494,0.38689281135275655,2026-07-14 09:03:27
0.6042895091458832,0.786170338626058,0.8275997324913651,0.30643943097760307,2026-07-14 09:03:28
1.0,0.5693806888869137,0.9170144973374923,0.6147100497775693,2026-07-14 09:03:29
0.6109101457143071,0.5221750030125969,0.5210993038879985,0.627351829915193,2026-07-14 09:03:30
0.6778571322357545,0.5800389804250363,0.880213651444244,0.23387726714380785,2026-07-14 09:03:31
0.6563312073797999,0.5639747834372824,0.4679860306216523,0.7355100552959293,2026-07-14 09:03:32
0.6204541856681339,0.67106865737803,0.5691185211298282,0.5730060726337465,2026-07-14 09:03:33
0.5058484525421411,0.5210646622766325,0.562561813736741,0.7050744940415914,2026-07-14 09:03:34
0.6332084588370896,0.5694452434816524,0.9957331134700882,0.2664498132294706,2026-07-14 09:03:35
0.45160134345249037,0.5261312684987759,0.9135421468213938,0.2626588280624995,2026-07-14 09:03:36
0.5151494355744205,0.5457668370754528,0.8088616202759519,0.4573330115272425,2026-07-14 09:03:37
0.48568234210393346,0.6263967208573373,0.8263032134627494,0.5616015090876769,2026-07-14 09:03:38
0.5529331413996962,0.567430041924206,0.7151433899351568,0.7685497162196611,2026-07-14 09:03:39
0.8176485169370913,0.5524999555855991,0.9745535587411647,0.5941248526775551,2026-07-14 09:03:40
0.32184627787020703,0.5550813866045561,0.6708004312548925,0.4423408366342776,2026-07-14 09:03:41
0.6245881917044356,0.5647717383511628,0.5928185877247917,0.3169653174622371,2026-07-14 09:03:42
0.3520252411343027,0.6434921430416115,0.4462873665122527,0.6779425910967234,2026-07-14 09:03:43
0.4872747809940372,0.7023352497223748,0.8661554509686156,0.32683037773349,2026-07-14 09:03:44
0.6723305267475231,0.7776506034491087,0.8312804035412554,0.7416900703630183,2026-07-14 09:03:45
0.5508472104414156,0.6442447786041722,0.595404031530204,0.4356690712421072,2026-07-14 09:03:46
0.4154505642973294,0.5446029793124211,0.35341480385562396,0.7356289366097606,2026-07-14 09:03:47
0.45842100176116884,0.6117309921460348,0.9017244424691718,0.5897817368929736,2026-07-14 09:03:48
0.6237983032287777,0.5613895536517384,0.3441334509469836,0.45924860047610405,2026-07-14 09:03:49
0.4566351655979416,0.5373457920335637,0.8105661813159258,0.39807155885896117,2026-07-14 09:03:50
0.5688892600646412,0.6691777973909011,0.9901622128221144,0.4266264042006398,2026-07-14 09:03:51
0.5486291984292325,0.5155964139426379,0.6313197501762386,0.5496880541148119,2026-07-14 09:03:52
0.46597357114367843,0.7103567318971228,0.494756457697551,0.493508942286669,2026-07-14 09:03:53
0.7974088796355177,0.5650930783840071,0.811355311122698,0.3861665346320926,2026-07-14 09:03:54
0.618382705949155,0.5988154628691095,0.8869898299826265,0.45466738478380275,2026-07-14 09:03:55
0.3031285847744222,0.6041945267339904,0.7046040923325753,0.4937362012736095,2026-07-14 09:03:56
0.5653320008963745,0.704769212152673,0.987991465220631,0.1406074018278991,2026-07-14 09:03:57
0.4647659212707195,0.5986904076999595,0.3712528434018149,0.554463727486525,2026-07-14 09:03:58
0.6442894157869005,0.5935082726038623,0.6765522279090866,0.3244281286786834,2026-07-14 09:03:59
0.4492662734203872,0.5181400605061274,0.8205069695319728,0.2966535633444889,2026-07-14 09:04:00
0.5296233031953778,0.5746324396001691,0.9176542791426714,0.21122156665901137,2026-07-14 09:04:01
0.6030967632315414,0.5261433570430466,0.4572159611774392,0.1941758406856029,2026-07-14 09:04:02
0.6458688342761731,0.6264216544756607,0.8754518954564425,0.26431889978053347,2026-07-14 09:04:03
0.4009210377875316,0.5735427454710389,0.7088331304977509,0.367735145655427,2026-07-14 09:04:04
0.5035683382101073,0.609593355954464,0.603623006245416,0.7936505336186364,2026-07-14 09:04:05
0.48691751169681563,0.5158851594603846,0.4251849526952641,0.39703435057539727,2026-07-14 09:04:06
0.4657685972877412,0.5198157337643633,0.9194433094573942,0.5096020522975717,2026-07-14 09:04:07
0.752535724259489,0.619819313355777,0.4424050667589952,0.545234921959485,2026-07-14 09:04:08
0.5912402619183907,0.5186384260695082,0.5451635467507493,0.5021333318303953,2026-07-14 09:04:09
0.39373787440869706,0.00629982328044227,0.19498124508483194,0.46877581944187297,2026-07-14 09:04:10
0.6520465281409833,0.001028595580573767,0.586684882741027,0.289940524726211,2026-07-14 09:04:11
0.7948257417269778,0.2676479112883034,0.4528010605094667,0.7132868055084125,2026-07-14 09:04:12
0.6656337149733821,0.1141834232579035,0.536332918965673,0.7702832463581268,2026-07-14 09:04:13
0.36309218340483473,0.03719562978502378,0.16831536479880949,0.211971184144371,2026-07-14 09:04:14
0.4858162508616699,0.030018861813221914,0.4205757990293086,0.3173397726916223,2026-07-14 09:04:15
0.6934292471774214,0.036728515971777426,0.3847801265759345,0.4364008754733226,2026-07-14 09:04:16
0.4593261055623793,0.12721027173019792,0.5606887049282595,0.3268571955557795,2026-07-14 09:04:17
0.5958447999848828,0.09243898833932132,0.6100462283840093,0.5621104302773419,2026-07-14 09:04:18
0.6350656565507268,0.017474336699524813,0.007750533533488799,0.3646553039053,2026-07-14 09:04:19
0.43333086893143236,0.016320527456529937,0.45368835359852516,0.8275341102917801,2026-07-14 09:04:20
0.5361690417934364,0.008831814189286361,0.03448472949799533,0.6716310070127247,2026-07-14 09:04:21
0.15894676548845718,0.09217016941213275,0.3693595358345427,0.5151732336631065,2026-07-14 09:04:22
0.42177650166895064,0.12340139517697786,0.19335559168840155,0.6454640707084192,2026-07-14 09:04:23
0.5132821945741474,0.026280196710729793,0.20625399206009354,0.6580888713728013,2026-07-14 09:04:24
0.39529108117394657,0.00179571193972909,0.2373695748514139,0.3909442073872986,2026-07-14 09:04:25
0.736762365027879,0.007309149480361906,0.418162621248323,0.350585729930474,2026-07-14 09:04:26
0.37367098308234664,0.29348545080997424,0.224629732558271,0.49366677465061315,2026-07-14 09:04:27
0.49105529801493786,0.02988657720341974,0.4932240855607625,0.6190111183484617,2026-07-14 09:04:28
0.5587266686662441,0.12517725931064255,0.2721146954409085,0.5034124173831849,2026-07-14 09:04:29
0.7141013455554021,0.08365227689658498,0.04561351632776013,0.22887517635383148,2026-07-14 09:04:30
0.3729927372953941,0.041069317753135895,0.5276268745831367,0.35272832937748877,2026-07-14 09:04:31
0.6811291205594514,0.019648964717482936,0.19209269038041793,0.46933105054864654,2026-07-14 09:04:32
0.5444394889306147,0.01103715524771317,0.2911413755808154,0.46906024345863795,2026-07-14 09:04:33
0.4268601666558583,0.08148481942968229,0.4613853793265988,0.7967354618964135,2026-07-14 09:04:34
0.5980125274533589,0.12720278916404024,0.22355588594869225,0.259432996501225,2026-07-14 09:04:35
0.5668264748243337,0.08814508599007616,0.03768499966861165,0.5620502274046557,2026-07-14 09:04:36
0.47206551379141726,0.06450502539707588,0.2514933268876592,0.719395786172198,2026-07-14 09:04:37
0.5515018978035966,0.0036474698765261984,0.6358927400874831,0.844555123430542,2026-07-14 09:04:38
0.49754410538889016,0.2951722054182772,0.43193561627505844,0.4164692555984546,2026-07-14 09:04:39
0.5566847096305433,0.13685047539995568,0.45197648066248125,0.55978492403344,2026-07-14 09:04:40
0.6217274346279242,0.029569346989035475,0.42556705965081304,0.5723164144769646,2026-07-14 09:04:41
0.7312619082407752,0.3338590406407033,0.1336329864098182,0.5124387831420565,2026-07-14 09:04:42
0.39647283385587445,0.07862128714232876,0.2814169673081858,0.4653519382993898,2026-07-14 09:04:43
0.7961153226330128,0.07454706699393268,0.5055139967425363,0.5509133034652236,2026-07-14 09:04:44
0.31178984430979545,0.11769076372689392,0.06786091272933915,0.0760529748072043,2026-07-14 09:04:45
0.5252308736698346,0.14257586974106887,0.18676623720240676,0.5902837906304321,2026-07-14 09:04:46
0.6129762270898405,0.09121441402695936,0.1857329112053528,0.5013514573579045,2026-07-14 09:04:47
0.5765402230291677,0.01169161949178139,0.2906374344145285,0.4455734822928128,2026-07-14 09:04:48
0.4694000073849066,0.03524017501699354,0.6600943550648171,0.8086252851172979,2026-07-14 09:04:49
0.518551630010916,0.22472245087178783,0.04504037877650653,0.3731884230197813,2026-07-14 09:04:50
0.48477686565128164,0.021708120665526357,0.34904046235553665,0.4166806605240505,2026-07-14 09:04:51
0.4733521239284607,0.03972991813594731,0.12040876415715084,0.7997768890067483,2026-07-14 09:04:52
0.6439537487329127,0.04829222489874217,0.6535641281392437,0.3480509744382836,2026-07-14 09:04:53
0.5855534624639847,0.04940104388180524,0.0758992949459703,0.3931571034013257,2026-07-14 09:04:54
0.4610760123500586,0.08102624649545215,0.27149053422006114,0.4576439972513411,2026-07-14 09:04:55
0.6498814059337953,0.24468223601770772,0.496718167714099,0.6156672436244617,2026-07-14 09:04:56
0.5796592166031875,0.023496969997839144,0.47426132614729893,0.5144098785254538,2026-07-14 09:04:57
0.6395979152709614,0.011048326748995536,0.2843779954384753,0.27436927839286396,2026-07-14 09:04:58
0.6178740689753625,0.01877031783327842,0.2330343681598782,0.3960282453762711,2026-07-14 09:04:59
0.4449419416033616,0.18608518708892205,0.2674556308473484,0.3839999020457303,2026-07-14 09:05:00
0.47681209903573485,0.08860342837077789,0.17761890727069635,0.4688114017930305,2026-07-14 09:05:01
0.6318242164223141,0.028738529737814062,0.13790517232489846,0.5492924146293059,2026-07-14 09:05:02
0.6155908027336235,0.14449187265728644,0.3250132582069518,0.5480704919941024,2026-07-14 09:05:03
0.5407482136845487,0.16868906528422267,0.18048744151936297,0.19703642772706464,2026-07-14 09:05:04
0.5571364216914506,0.15999779695957816,0.19324033527500528,0.6513761404943379,2026-07-14 09:05:05
0.6947041942951727,0.21448984004829855,0.4420566346347424,0.5215716615871391,2026-07-14 09:05:06
0.47309050915601614,0.024805446183286933,0.6521228085826094,0.7026647580819092,2026-07-14 09:05:07
0.6080892700668639,0.12008572683551064,0.4062671968645782,0.5522288208466075,2026-07-14 09:05:08
0.5192546337231825,0.052682013997923105,0.051425561621541174,0.6573565616975157,2026-07-14 09:05:09
0.5174183357404135,0.15752211423530588,0.05048508965195979,0.5558039234233032,2026-07-14 09:05:10
0.6734955119363797,0.11129962099394249,0.640591981832974,0.6965364626448607,2026-07-14 09:05:11
0.6410863248585057,0.12789265267573122,0.19986282026232566,0.5647157411422605,2026-07-14 09:05:12
0.6396746838772477,0.091135721965508,0.061590949081839805,0.4655007138014935,2026-07-14 09:05:13
0.6980017674519934,0.016664367957233105,0.4031728713692066,0.8447127011475826,2026-07-14 09:05:14
0.5457164555737003,0.06722440467182308,0.4197502248621114,0.6233947692731361,2026-07-14 09:05:15
0.6240775346511928,0.35668767885341435,0.4364972656195794,0.5729537907187021,2026-07-14 09:05:16
0.5064415395799088,0.2365512646467113,0.17972492677179447,0.27698032428055885,2026-07-14 09:05:17
0.58165892137078,0.0037564843550570203,0.009740765821618202,0.275060034981113,2026-07-14 09:05:18
0.5277967196390128,0.015365065681534349,0.6497498464803783,0.5279943780174343,2026-07-14 09:05:19
0.5547259610267443,0.012048109631919178,0.16860181235502025,0.5044460252918901,2026-07-14 09:05:20
0.6137871451616651,0.11051372940924589,0.45504016751744586,0.382917126613886,2026-07-14 09:05:21
0.4462193287820764,0.145348938423066,0.47565967868922027,0.5037199498475835,2026-07-14 09:05:22
0.7912963856941431,0.02049411154156481,0.4105592026647213,0.7353161497766312,2026-07-14 09:05:23
0.4239544504988521,0.060172649592202504,0.2103846846813513,0.5924168206114255,2026-07-14 09:05:24
0.39927399993988516,0.15682492357104566,0.18221395347407154,0.29862515749448226,2026-07-14 09:05:25
0.6805300592912304,0.11266606553448402,0.40224557060108507,0.46332599326468804,2026-07-14 09:05:26
0.637084545127095,0.06670250488300308,0.5831015498886524,0.3523856432417638,2026-07-14 09:05:27
0.6172209277361679,0.07618297746777898,0.6374323833379875,0.4191405466805609,2026-07-14 09:05:28
0.6177219190934917,0.0606070512758926,0.0709150102522189,0.41499450795085213,2026-07-14 09:05:29
0.5417743155304136,0.030141878983731267,0.10387730845117109,0.4047509099992328,2026-07-14 09:05:30
0.43684922022607575,0.07106148834154792,0.6360865651227378,0.2803669783914797,2026-07-14 09:05:31
0.5522135414933562,0.09967423610846414,0.4958087539276614,0.46074295632475826,2026-07-14 09:05:32
0.4629430564361192,0.176387289268926,0.5944868983286887,0.39147852157416096,2026-07-14 09:05:33
0.6588349203539882,0.08633906371645544,0.13608581142150433,0.01250793241150916,2026-07-14 09:05:34
0.5257913838776918,0.1222314372019625,0.3954524311683412,0.8096027442888003,2026-07-14 09:05:35
0.4453566368912501,0.014881564113599845,0.47196054318109176,0.6553482661961221,2026-07-14 09:05:36
0.5051232785148476,0.05284327515271414,0.45779288520899725,0.4209642056832412,2026-07-14 09:05:37
0.5921827708598049,0.0007889465656698312,0.27455661233481643,0.4841760339295491,2026-07-14 09:05:38
0.47639198580894004,0.024172724738410433,0.009932253840143512,0.2937223924474748,2026-07-14 09:05:39
0.4457451292403199,0.11066397869095947,0.39231282830521935,0.7524495134213471,2026-07-14 09:05:40
0.5721174422331332,0.4102113264682234,0.17008980995012912,0.7846963019120721,2026-07-14 09:05:41
0.5722691210773926,0.008905940152334348,0.30292368759446986,0.5062334227418601,2026-07-14 09:05:42
0.4831238957358328,0.04381419953661613,0.6447408657057946,0.6449112358031237,2026-07-14 09:05:43
0.48738072006875044,0.13742791219643014,0.26841435223560567,0.5092079656576667,2026-07-14 09:05:44
0.5707377454943712,0.019471623055764817,0.5653856503096502,0.26731408246893906,2026-07-14 09:05:45
0.3715436938228815,0.0691329997793618,0.12659114709134445,0.4152812421420542,2026-07-14 09:05:46
0.37635960374616106,0.11275230184416457,0.4526376759487703,0.5022713607011928,2026-07-14 09:05:47
0.45804866764717833,0.08170075588568784,0.6578293131898345,0.408446139387451,2026-07-14 09:05:48
0.517920318163454,0.01777129915099067,0.0682114056299636,0.4461848704364497,2026-07-14 09:05:49
0.5800869806549729,0.03747769301932008,0.005165426207229651,0.4665431030621616,2026-07-14 09:05:50
0.7181421633539388,0.13074464172710776,0.2916911062627321,0.46822627727364363,2026-07-14 09:05:51
0.6449090362397749,0.06896842886784285,0.061967242763895716,0.48952572362191127,2026-07-14 09:05:52
0.5242642153742704,0.0004361602405988726,0.5037922341380283,0.31148821568017127,2026-07-14 09:05:53
0.5409717420615799,0.12218470923603561,0.6157473298483479,0.36645606345266835,2026-07-14 09:05:54
0.4243679842382462,0.0030577951343006967,0.2919863350704786,0.27565570213641655,2026-07-14 09:05:55
0.5410313854682741,0.1169016091174326,0.17386968060847435,0.6375976694188816,2026-07-14 09:05:56
0.5090033636927267,0.019304984699093555,0.2922439452353543,0.1443009176092085,2026-07-14 09:05:57
0.5814872734328523,0.2707906615794996,0.4869909623294875,0.6657183730065959,2026-07-14 09:05:58
0.44515108662898506,0.039157126017851325,0.005660114843396569,0.7029555002884553,2026-07-14 09:05:59
0.60479917135837,0.03378999850036399,0.3967110971613744,0.43282205165708865,2026-07-14 09:06:00
0.7249453646614115,0.013752276150325753,0.41277201543744274,0.06471173053555623,2026-07-14 09:06:01
0.5303318430029564,0.031126646957876262,0.4292094764426863,0.4233623534526578,2026-07-14 09:06:02
0.590852577232385,0.17866015840842608,0.16262489835830468,0.4708970611828063,2026-07-14 09:06:03
0.6250486490225563,0.47884688347422966,0.48066091062106026,0.319488382699729,2026-07-14 09:06:04
0.4956582115497161,0.039206954386006895,0.06113582344539674,0.39873995777447213,2026-07-14 09:06:05
0.5697943222029146,0.05081467658070762,0.13382042514308923,0.7259681579374413,2026-07-14 09:06:06
0.544719208505662,0.10930440720577549,0.5907651899860903,0.5875413364490885,2026-07-14 09:06:07
0.5548065965809527,0.18553643429560412,0.49728289151248456,0.33325224229902517,2026-07-14 09:06:08
0.4515794612072982,0.0767468524607395,0.008820993827795623,0.22557912887373832,2026-07-14 09:06:09
0.546132160801019,0.04240388478930715,0.16690609963275366,0.42884863586960575,2026-07-14 09:06:10
0.6022681599457568,0.04541648714152324,0.14401857594029976,0.44701621365303223,2026-07-14 09:06:11
0.7152715548676266,0.10154217033856822,0.18201861271942588,0.5605479930225745,2026-07-14 09:06:12
0.6569558990722565,0.00026370856935063237,0.16635598015241787,0.395524599913593,2026-07-14 09:06:13
0.7985041658950792,0.08250578336465302,0.04168757313258363,0.562995771038961,2026-07-14 09:06:14
0.45225076513232,0.037492056962537955,0.30877616106255107,0.7907540541589753,2026-07-14 09:06:15
0.6466472227175739,0.13495579056018744,0.4932472792540909,0.6116303585532541,2026-07-14 09:06:16
0.564963010480694,0.008321516892604882,0.40835216769612714,0.4734720669879935,2026-07-14 09:06:17
0.8028458313332785,0.0757370089855987,0.45291470679675033,0.4518646603208305,2026-07-14 09:06:18
0.4473957125155399,0.05597871800987917,0.05423495212861858,0.42410425580125866,2026-07-14 09:06:19
0.44367018552594045,0.08776740876588163,0.6406374535371357,0.6700459618537686,2026-07-14 09:06:20
0.4721632333944561,0.005713218838019031,0.5645031759810963,0.3808068305617809,2026-07-14 09:06:21
0.29142056961647894,0.0740498705754277,0.5419985252911447,0.4884001292069642,2026-07-14 09:06:22
0.4808935931147884,0.07036997779149866,0.5540544652734377,0.4893560491339244,2026-07-14 09:06:23
0.45322471078741744,0.07020960313358784,0.6279840789075054,0.4008891805177508,2026-07-14 09:06:24
0.5610567219341261,0.07896640932967079,0.3662570675593213,0.26159632857003334,2026-07-14 09:06:25
0.5837443191716287,0.09633286970325089,0.13450205698818118,0.5328352596717361,2026-07-14 09:06:26
0.76566210838644,0.13955435572622954,0.41512473823309876,0.4714058324495123,2026-07-14 09:06:27
0.6559070142379307,0.02683661934862336,0.5000846223432986,0.5611945231248088,2026-07-14 09:06:28
0.47482949230541205,0.14882224100702768,0.4967400033224935,0.395799193027762,2026-07-14 09:06:29
0.4367116569171907,0.05887005166666934,0.35089197866498495,0.6764740776919731,2026-07-14 09:06:30
0.6015474291645113,0.006834818321786624,0.045684610969515274,0.3408978083416154,2026-07-14 09:06:31
0.386701521270199,0.005139727967203778,0.24960133180613098,0.7550599954693711,2026-07-14 09:06:32
0.7603611159814838,0.03472190335142612,0.6199367407211858,0.2015759399942212,2026-07-14 09:06:33
0.6830588209661563,0.13118218343250615,0.39333886779494565,0.5507204738520963,2026-07-14 09:06:34
0.48760155331101396,0.10499457322339154,0.3622670373343192,0.5572254178318472,2026-07-14 09:06:35
0.3401197645408541,0.13267080175396764,0.1807028823189834,0.3538909746147003,2026-07-14 09:06:36
0.7037392318970037,0.06216827222438827,0.24780641904676964,0.5490604862214674,2026-07-14 09:06:37
0.5296466113303041,0.04952205487898965,0.6028093768431235,0.6858645672820192,2026-07-14 09:06:38
0.6899798094865471,0.01360839663432347,0.44859682549367946,0.12651547799813812,2026-07-14 09:06:39
0.35419346255011025,0.03395012074322257,0.530070731219448,0.5615951707185407,2026-07-14 09:06:40
0.47216532268891165,0.048584743044272294,0.3056801645580186,0.08228829358400147,2026-07-14 09:06:41
0.5438479581789435,0.007909261924948613,0.4241959996119184,0.3266768951014716,2026-07-14 09:06:42
0.5487962180495675,0.021268414532667933,0.16691105068287665,0.7418017070282206,2026-07-14 09:06:43
0.48986722597472143,0.07784076781346616,0.47487202497172815,0.38809101124583467,2026-07-14 09:06:44
0.6170703722224451,0.11358534518180084,0.28766103030899837,0.29336633503312903,2026-07-14 09:06:45
0.4166508909812944,0.5468690795828094,0.29772984222552656,0.4494989735885384,2026-07-14 09:06:46
0.5263459878549135,0.23091263915272758,0.4370480685420754,0.8119919572077712,2026-07-14 09:06:47
0.5574883325078809,0.0878246381615234,0.630389483354531,0.18813018238704027,2026-07-14 09:06:48
0.6042173245904372,0.04667962968965592,0.042684774229337516,0.31297526786968977,2026-07-14 09:06:49
0.6275942032109288,0.08631231003146887,0.5552399027911751,0.7207266037077207,2026-07-14 09:06:50
0.40989049324376886,0.13148223651917862,0.1965562151400836,0.7783632206652356,2026-07-14 09:06:51
0.36134413390302683,0.010741270336327303,0.2986555497123782,0.46461825975425164,2026-07-14 09:06:52
0.694705608235843,0.045022481132869746,0.014324124930048782,0.2829399069159271,2026-07-14 09:06:53
0.5826248949397425,0.15634351989062348,0.20239298792556254,0.8164613847163023,2026-07-14 09:06:54
0.45448689845864776,0.04133125587329485,0.33821328442491,0.736246516001005,2026-07-14 09:06:55
0.7271283881097086,0.0724167546340814,0.03740904129630809,0.589784248234007,2026-07-14 09:06:56
0.5569404743930584,0.07564730270158697,0.3304411012334439,0.35119604240075253,2026-07-14 09:06:57
0.6830418746230632,0.01739899849778543,0.6242110965842725,0.4733215510941231,2026-07-14 09:06:58
0.5512311573900365,0.03838992357308261,0.07056964940799072,0.45551069960119994,2026-07-14 09:06:59
0.787545274513259,0.03475691612784296,0.5146104016212549,0.5340954015925794,2026-07-14 09:07:00
0.7513366958741695,0.002254915711195876,0.27558030009830536,0.7132986265129309,2026-07-14 09:07:01
0.5137094794356776,0.0020793152083503222,0.44099050904062004,0.6218557348944866,2026-07-14 09:07:02
0.6584141823413894,0.15212957184339151,0.17489713693523357,0.30880516535267777,2026-07-14 09:07:03
0.61974102104978,0.02721748824258718,0.10701949561933753,0.7013792116570126,2026-07-14 09:07:04
0.7054890572360986,0.062311599896668034,0.10767328112876647,0.5312606642260067,2026-07-14 09:07:05
0.42882648049672895,0.030285068308848657,0.047054520310291045,0.591083106797607,2026-07-14 09:07:06
0.6245634449625588,0.2411613408755971,0.1246413484957271,0.7157846453952796,2026-07-14 09:07:07
0.6687113996142595,0.025614876051047064,0.4470851323517447,0.3033331327746396,2026-07-14 09:07:08
0.33471291323043106,0.047929183593473576,0.5936088437636338,0.4754339078972536,2026-07-14 09:07:09
0.40294102348641764,0.17598877961826379,0.5480862065901833,0.3961424740029731,2026-07-14 09:07:10
0.3014581452307371,0.15748700580557073,0.461176800764396,0.23033693580948444,2026-07-14 09:07:11
0.511285827055174,0.01756930654331627,0.07396449396285702,0.5366324948425061,2026-07-14 09:07:12
0.628296943697876,0.13853352476998254,0.1944031001119012,0.8829677546502879,2026-07-14 09:07:13
0.721343339485531,0.05231049038829699,0.20829567483021294,0.18678705868789902,2026-07-14 09:07:14
0.5520108329559867,0.05630767894938689,0.16797110481400535,0.4760010369073422,2026-07-14 09:07:15
0.736312345945191,0.012220478851378558,0.3465506886106755,0.5836403128045631,2026-07-14 09:07:16
0.37960363649280116,0.0071632173904328895,0.36039524175784754,0.500855562585313,2026-07-14 09:07:17
0.34127595681141865,0.11112641646747813,0.24001575357133226,0.46306694726719533,2026-07-14 09:07:18
0.5366406265095297,0.05856523826840503,0.23792923829235563,0.27331483815314206,2026-07-14 09:07:19
0.588760463112813,0.04901291652903649,0.5578085240586195,0.5184068923679472,2026-07-14 09:07:20
0.5393500360610727,0.11162019480657681,0.5313548001667583,0.36009714893935163,2026-07-14 09:07:21
0.29811362164892197,0.12381555083964832,0.20694071131407998,0.13081852013239104,2026-07-14 09:07:22
0.5326603431264733,0.014763381765491588,0.6152351229974394,0.6722779121269404,2026-07-14 09:07:23
0.3885704412784143,0.08042959152471996,0.6415297203163277,0.6344892733715803,2026-07-14 09:07:24
0.6226215872678127,0.01240533241011524,0.2197062728073329,0.48943013253178336,2026-07-14 09:07:25
0.5866895792856416,0.11881716572866738,0.23835760907097303,0.5178130325275627,2026-07-14 09:07:26
0.43179561874117084,0.09133293533396303,0.34023652970945434,0.6530362718616987,2026-07-14 09:07:27
0.4823030278848486,0.26787042955361445,0.6336506171100496,0.5170555154086158,2026-07-14 09:07:28
0.4176476005816886,0.006088769482080468,0.5899899510515316,0.6257913603470011,2026-07-14 09:07:29
0.5357951392442636,0.005004149225826282,0.06866610137967212,0.4335737062053684,2026-07-14 09:07:30
0.6564664300072127,0.028294954452753596,0.2641665735796652,0.6910583755534447,2026-07-14 09:07:31
0.42636015896872964,0.025892993017173634,0.37239990063315737,0.5324850958784673,2026-07-14 09:07:32
0.6029852278095571,0.02420672436288615,0.33855099378268516,0.5122100436155743,2026-07-14 09:07:33
0.4803597724021549,0.20209077674012235,0.13017721649860592,0.27797914082062114,2026-07-14 09:07:34
0.4492245297351486,0.02449831204912164,0.5781973335676722,0.5270729444948983,2026-07-14 09:07:35
0.5305369239804975,0.027085919532473843,0.45565631888258423,0.3480679944399858,2026-07-14 09:07:36
0.42048958791916785,0.12161773598375962,0.5641100638527156,0.37905194932249575,2026-07-14 09:07:37
0.47758649114566776,0.05098970287235454,0.5781619666080824,0.35072037290136127,2026-07-14 09:07:38
0.40120777302158783,0.12799319651701643,0.5037730346270032,0.31058754172250147,2026-07-14 09:07:39
0.7761609648035187,0.005760027698162115,0.2954829062981699,0.8210893118409861,2026-07-14 09:07:40
0.5474070641838746,0.057071060582721315,0.410922587730516,0.6941548679534058,2026-07-14 09:07:41
0.4602679285617569,0.002907672140427516,0.10760778603159508,0.7883884826157823,2026-07-14 09:07:42
0.5685953918371489,0.005512563315937389,0.45343602889886664,0.2855248362115832,2026-07-14 09:07:43
0.529908838299283,0.2022574877799665,0.12033368943901641,0.49256461246656746,2026-07-14 09:07:44
0.5170284686970837,0.012790434232739479,0.4671161963090768,0.27422813028473625,2026-07-14 09:07:45
0.616040901991392,0.06489098558868268,0.15425414153802064,0.3698670711159213,2026-07-14 09:07:46
0.6330351844798223,0.0451949318023735,0.07876129540305567,0.33428206374262004,2026-07-14 09:07:47
0.48033089996246625,0.0364192464525303,0.11092207481477458,0.6794757625685479,2026-07-14 09:07:48
0.4749581773860311,0.19643432847264933,0.0009019942979209272,0.4177759431711854,2026-07-14 09:07:49
0.5106165810979281,0.0018723490465071956,0.4838187590567586,0.6520861934743603,2026-07-14 09:07:50
0.27031415614387255,0.0930510876457706,0.49302330364081776,0.5778134617298347,2026-07-14 09:07:51
0.3635876275970471,0.282377890514147,0.34650196906325514,0.8497047668861839,2026-07-14 09:07:52
0.7052807157142564,0.07011406337734936,0.10827979220835347,0.24448172666989,2026-07-14 09:07:53
0.7382510330040656,0.2357834740949248,0.05585545533067131,0.6826192751007718,2026-07-14 09:07:54
0.5137009561437316,0.004570929818335759,0.012448129151023793,0.6645745900754259,2026-07-14 09:07:55
0.6115819513068214,0.0463182748078967,0.11123448908269169,0.32544279279779786,2026-07-14 09:07:56
0.5801275974562472,0.025714180554965705,0.5997838149202676,0.6422879709977067,2026-07-14 09:07:57
0.9082534921666411,0.11203555104299931,0.16229796355127202,0.5349422886574748,2026-07-14 09:07:58
0.675961296832485,0.33971041066912777,0.23825410478780662,0.4447733570389145,2026-07-14 09:07:59
0.5280605669843522,0.025296567186801854,0.07053748833449609,0.3493509544367299,2026-07-14 09:08:00
0.4299389164431823,0.09064369974840265,0.1493782275320163,0.3661211739450234,2026-07-14 09:08:01
0.352768549135359,0.018837062497154018,0.349393227907045,0.8090972143607709,2026-07-14 09:08:02
0.5673485989911174,0.07112201511547,0.40904005001020155,0.4812745737172177,2026-07-14 09:08:03
0.45355453036201065,0.05322069730578135,0.16486868150039474,0.6062916147656789,2026-07-14 09:08:04
0.374606132516075,0.30527484141764083,0.03845746915168914,0.3546361179449322,2026-07-14 09:08:05
0.46656961921529216,0.08005849279333266,0.26302261157287454,0.3564033425307733,2026-07-14 09:08:06
0.41499965990047955,0.03670267455636234,0.15735695424592022,0.6542628169672708,2026-07-14 09:08:07
0.7432511061639231,0.010331629314112313,0.14748672231833754,0.2652581974252457,2026-07-14 09:08:08
0.6477520828110469,0.013989219355573401,0.6462782460617343,0.4147388412567401,2026-07-14 09:08:09
0.5422810497763674,0.021785377299702827,0.41479922934254077,0.48660908938777503,2026-07-14 09:08:10
0.7186861000925537,0.024660067211372944,0.37476295249861036,0.49898288393812695,2026-07-14 09:08:11
0.5523989371450253,0.16231043723773977,0.2796929732788783,0.4525137347620176,2026-07-14 09:08:12
0.44111378647127014,0.07031902171957247,0.28856589164280844,0.5444891516400823,2026-07-14 09:08:13
0.723805445007429,0.06325792382774607,0.36400066615349297,0.5920093928960046,2026-07-14 09:08:14
0.6071185923379231,0.010396521254788104,0.46878727038974327,0.5986937035278337,2026-07-14 09:08:15
0.4202520167907981,0.16793470967370944,0.4726386851872279,0.323455028174334,2026-07-14 09:08:16
0.520660022095386,0.10953306757417862,0.1152404927628788,0.43570579524873887,2026-07-14 09:08:17
0.4394143640251375,0.005970589263251722,0.33651642278306193,0.6723052115769663,2026-07-14 09:08:18
0.3792837335610884,0.10503961104956724,0.277121220415658,0.6242922755650286,2026-07-14 09:08:19
0.6530324125264844,0.06694550134700036,0.5860872106443171,0.2615333113076401,2026-07-14 09:08:20
0.7696036777813642,0.007267642388762072,0.4249854469946884,0.5373955939248147,2026-07-14 09:08:21
0.377414323155089,0.05232841736621173,0.35834043905941254,0.16468602272271693,2026-07-14 09:08:22
0.6099710120493167,0.056593403671333996,0.07730822257695412,0.48867404830845507,2026-07-14 09:08:23
0.4660871238395735,0.015463230240988876,0.4076151836641503,0.7847728245473182,2026-07-14 09:08:24
0.4854734616335996,0.24870875097005307,0.07852723442955299,0.3295200989498013,2026-07-14 09:08:25
0.4729929906650022,0.16194505013497865,0.22675653436223925,0.34768913792654876,2026-07-14 09:08:26
0.44079290002614685,0.09439031335077329,0.09580116823707342,0.6033959156167015,2026-07-14 09:08:27
0.5489789206144509,0.05296038868851434,0.4658522580588896,0.23434573621518662,2026-07-14 09:08:28
0.4447101474017353,0.04529211225156207,0.1385244770179297,0.37993627815954145,2026-07-14 09:08:29
0.5752912051869663,0.08985704167886739,0.26357947807982224,0.5765848439892101,2026-07-14 09:08:30
0.5372701230016059,0.0673004287035547,0.603030834433518,0.37969137573164424,2026-07-14 09:08:31
0.5148969725350623,0.005477949612906085,0.13722025662955334,0.4434145183702336,2026-07-14 09:08:32
0.43562696711124665,0.06132940728485491,0.34169920536360343,0.6002212326357781,2026-07-14 09:08:33
0.4748451805584031,0.14017594171118167,0.28204881874121485,0.5486048824021443,2026-07-14 09:08:34
0.6327842574719665,0.052476578578477415,0.011771049243981618,0.5238513250811665,2026-07-14 09:08:35
0.6026142196645816,0.00454379145048419,0.5336895620258729,0.4269120667418149,2026-07-14 09:08:36
0.42732887622189253,0.13173217554047334,0.04608023487340572,0.5403682433370585,2026-07-14 09:08:37
0.5550029538382648,0.019185513563682595,0.31909448249139766,0.46137040373675786,2026-07-14 09:08:38
0.6323095374444357,0.025537001271237654,0.3773231458250907,0.5544057334386383,2026-07-14 09:08:39
0.3453042347282784,0.015353978807252934,0.4229692399480928,0.40166543726452275,2026-07-14 09:08:40
0.6076461948994022,0.03420751515348268,0.4635331594918713,0.4519576889927017,2026-07-14 09:08:41
0.4646666530028507,0.12068366753028432,0.17020491826853856,0.3227904678747451,2026-07-14 09:08:42
0.6108755453784409,0.06254347891074107,0.0062830847637256465,0.47556476770307654,2026-07-14 09:08:43
0.45273548009534137,0.01956237663306547,0.48698816251742966,0.3514202540304803,2026-07-14 09:08:44
0.32924231817077665,0.1794803580232336,0.360464493961603,0.3029385864577865,2026-07-14 09:08:45
0.3502674269350289,0.18071342931323175,0.5629035784749709,0.5225463167763076,2026-07-14 09:08:46
0.5489271483750333,0.17455732586863182,0.5529795179931277,0.5151997498219911,2026-07-14 09:08:47
0.5740185607751184,0.023283991927547033,0.5677603634355035,0.6064105983044388,2026-07-14 09:08:48
0.43601193065349786,0.05122267964459706,0.3263978124996768,0.41219324840431026,2026-07-14 09:08:49
0.6189367811533132,0.35848820721635627,0.2243456950914151,0.5464462150424132,2026-07-14 09:08:50
0.3462390937519267,0.12621547270015765,0.5328811083609544,0.5692827209475428,2026-07-14 09:08:51
0.5353919574904205,0.002340064274276774,0.3036243097308704,0.55232088704892,2026-07-14 09:08:52
0.3996501161896594,0.005745270189133395,0.12315603583340419,0.34907607500352444,2026-07-14 09:08:53
0.46594561978924,0.053220520540964364,0.5756082359864028,0.5050607194774175,2026-07-14 09:08:54
0.5488457846600929,0.2048353148420268,0.5941945208916656,0.5394210221872995,2026-07-14 09:08:55
0.44121703140960106,0.06604565127366231,0.31374126998198104,0.482313756792629,2026-07-14 09:08:56
0.49763397890497496,0.05879467418711237,0.050563322412785675,0.14736764707190853,2026-07-14 09:08:57
0.6625307507106171,0.009504712233080949,0.26086200762359696,0.5068406955844713,2026-07-14 09:08:58
0.474830889651363,0.09128937957679972,0.5409524036162381,0.8351292243372002,2026-07-14 09:08:59
0.6423046030087148,0.14739642341109696,0.6071402740851376,0.4235657367637784,2026-07-14 09:09:00
0.4092900230078371,0.04085965777817593,0.1366518439813324,0.36468651701124166,2026-07-14 09:09:01
0.6060390153544603,0.1275741248269322,0.04468400303712182,0.5408941734139341,2026-07-14 09:09:02
0.7141363595998713,0.28494007231785196,0.5906846124912859,0.5311400494958307,2026-07-14 09:09:03
0.25019202705850363,0.01944275551508002,0.26192577512820553,0.6719808177890152,2026-07-14 09:09:04
0.4487476376281014,0.06324694714539875,0.3645773792238311,0.2799297836980208,2026-07-14 09:09:05
0.6116430283472586,0.02888585549132624,0.6518051168585413,0.5981725971404681,2026-07-14 09:09:06
0.5191535349808196,0.13440049418937552,0.0444085127189094,0.5756219035251098,2026-07-14 09:09:07
0.5872287387526509,0.07356534486783343,0.43637139846168543,0.45842452850953785,2026-07-14 09:09:08
0.4716187489952559,0.08593884694680418,0.04948914147280169,0.5353490182399896,2026-07-14 09:09:09
0.5534922211473353,0.13651180762133217,0.2525362296141496,0.6458594197529455,2026-07-14 09:09:10
0.5247694276907592,0.043029835098156284,0.5411389585251654,0.6207196009648133,2026-07-14 09:09:11
0.6816766599994363,0.2105424024551398,0.29161661528871846,0.29830346645520356,2026-07-14 09:09:12
0.5733900045730324,0.06500210867491432,0.6714227179424597,0.6123754183792398,2026-07-14 09:09:13
0.5832519088955171,0.014666664970819183,0.37623231943705365,0.47081635954919765,2026-07-14 09:09:14
0.4943947945179208,0.10162101741719741,0.21594642201248665,0.49282383808030783,2026-07-14 09:09:15
0.48541645397038935,0.13456837991347081,0.14786227870741053,0.49287549496334204,2026-07-14 09:09:16
0.4919428617199185,0.03250961552684846,0.23572696540967142,0.45712924652911235,2026-07-14 09:09:17
0.589991892990544,0.16614638564621806,0.2505582988813923,0.6718164099389656,2026-07-14 09:09:18
0.49331502204012334,0.2019894488134557,0.04585639208352672,0.467772016073023,2026-07-14 09:09:19
0.5775815202747869,0.027668941173307978,0.24856458890948763,0.30205874004812205,2026-07-14 09:09:20
0.7892824959546082,0.3505209372743853,0.31234575091002176,0.4182078645880516,2026-07-14 09:09:21
0.6465054347662417,0.012935984341375323,0.48651254755157286,0.5097531724469473,2026-07-14 09:09:22
0.5045734412930986,0.019255231005317612,0.44203872689778273,0.6778168795379496,2026-07-14 09:09:23
0.6856402882835242,0.017372682064027336,0.47709868834972874,0.5776492880397579,2026-07-14 09:09:24
0.49484550535818406,0.19159337770231694,0.005194896293445106,0.3450954815981593,2026-07-14 09:09:25
0.3015894655761038,0.09067282432161686,0.1462156555627266,0.8787495825821035,2026-07-14 09:09:26
0.42370916151301274,0.014075515310358264,0.44537708220461997,0.5235244693618171,2026-07-14 09:09:27
0.32142815454829393,0.04954103275210676,0.32565310958407173,0.6852041748384403,2026-07-14 09:09:28
0.5015513930827331,0.08154805883742143,0.0031397851842334956,0.4568938426829723,2026-07-14 09:09:29
0.5454099272527271,0.007429455852138789,0.541597181771197,0.5664929122924893,2026-07-14 09:09:30
0.7419820186539395,0.18274714462819538,0.52024900622585,0.6154647107105196,2026-07-14 09:09:31
0.5819862636681091,0.13894993502461486,0.36906341630911355,0.6760538725271599,2026-07-14 09:09:32
0.5172500627536607,0.06006112272663075,0.04434019187567627,0.6503246333719788,2026-07-14 09:09:33
0.6415592818918052,0.2915590809085199,0.5160079992848576,0.6207006623697513,2026-07-14 09:09:34
0.28107758301067537,0.0461667624818012,0.39284343622038803,0.4307573081956688,2026-07-14 09:09:35
0.5711603612691853,0.3536276602155533,0.5264141948579004,0.3896965835497528,2026-07-14 09:09:36
0.6346188265491765,0.09410643296465633,0.5060578528985223,0.5343763619006592,2026-07-14 09:09:37
0.36792743649500215,0.08595960994099636,0.5405915454460826,0.6304485027007849,2026-07-14 09:09:38
0.6788279362935381,0.015481690310034033,0.3485735942541846,0.445534158216617,2026-07-14 09:09:39
0.583357869932951,0.18239310155897315,0.09410500995674088,0.6515730741448542,2026-07-14 09:09:40
0.49399039796667055,0.04760539228677704,0.4517597482805547,0.7135570457002918,2026-07-14 09:09:41
0.6182478865147515,0.015101587169930122,0.41761103707294295,0.33457100050656186,2026-07-14 09:09:42
0.8124360123209624,0.0010717356903576529,0.49966129371701634,0.34727356082530614,2026-07-14 09:09:43
0.5647880478239128,0.07003402931597501,0.11401902966306761,0.4587079321063299,2026-07-14 09:09:44
0.5726549119504052,0.06397905877432342,0.13092652805220123,0.5303776512073801,2026-07-14 09:09:45
0.48876517478703096,0.10847372862920186,0.5994833053813483,0.3972443521453273,2026-07-14 09:09:46
0.44247007476798805,0.18863971415862218,0.5048658383658506,0.6974926593050328,2026-07-14 09:09:47
0.6416695691187543,0.007052326060322856,0.6114890399913998,0.5490081600790799,2026-07-14 09:09:48
0.44173033472163287,0.11225008065564122,0.5107528436253659,0.4874761307150357,2026-07-14 09:09:49
0.5517110528900423,0.017706890127633376,0.40189994670933604,0.25144647029836253,2026-07-14 09:09:50
0.48659596520706516,0.166744953440926,0.4402891386180389,0.27065923385758683,2026-07-14 09:09:51
0.6000133608817716,0.1459499447460192,0.5986198173396319,0.5261215982549556,2026-07-14 09:09:52
0.5827847227411885,0.06643371130771036,0.38953740155553573,0.1399896284417792,2026-07-14 09:09:53
0.6662353614139204,0.10574611004524259,0.4256406146448097,0.6431685205177335,2026-07-14 09:09:54
0.48275953924058235,0.03220879841448531,0.10498773685732406,0.45586365650833427,2026-07-14 09:09:55
0.5112303297619877,0.05438089659320916,0.3188695803665889,1.0,2026-07-14 09:09:56
0.427185601821381,0.14717294508642112,0.48224046907896573,0.8503890872329709,2026-07-14 09:09:57
0.4905515701911123,0.0524805762144811,0.1821104937454905,0.4521368530219325,2026-07-14 09:09:58
0.5879584206862316,0.03779797879386749,0.13583082399877755,0.46415338918367777,2026-07-14 09:09:59
0.6329736415905234,0.05818480990240614,0.21100415032345127,0.640439893870727,2026-07-14 09:10:00
0.4338958172391092,0.15039824271841712,0.16227356415324046,0.7536413322485322,2026-07-14 09:10:01
0.6463253702272753,0.034846351726345086,0.14435960298113215,0.21911109743097001,2026-07-14 09:10:02
0.7039485449518823,0.016284586905695165,0.28580785583983137,0.1953784263282694,2026-07-14 09:10:03
0.5922424589674992,0.10626960290080459,0.611226290025165,0.3816513150233001,2026-07-14 09:10:04
0.7657362042332911,0.14927671042386512,0.34119697203732213,0.5743925297008947,2026-07-14 09:10:05
0.4514870549733686,0.009044367682467106,0.12617326349109176,0.5606558850048504,2026-07-14 09:10:06
0.3956619886343727,0.023404975683179546,0.05142030784323619,0.6523089070349397,2026-07-14 09:10:07
0.33234402576459043,0.013061313088580053,0.4686028875747216,0.2892360041228952,2026-07-14 09:10:08
0.7205949109852295,0.03649752066980905,0.25747478992800044,0.11062531826464017,2026-07-14 09:10:09
0.6208068264066342,0.05108457807348199,0.5532777137821773,0.6184316769210136,2026-07-14 09:10:10
0.5366362431662892,0.11794638836753865,0.4439126485573061,0.34866930778255645,2026-07-14 09:10:11
0.5764189091521168,0.08989964409303874,0.5360364999087056,0.15824475182668252,2026-07-14 09:10:12
0.40979007954952607,0.0828068824153645,0.1827865062194886,0.5043728414954143,2026-07-14 09:10:13
0.8331907437699487,0.03708000664925416,0.46604446562750873,0.6080587195640299,2026-07-14 09:10:14
0.5585465315713282,0.15722489595007552,0.17747453471893437,0.4616384603054877,2026-07-14 09:10:15
0.5561959465734452,0.05440015401330216,0.6322678343632007,0.40791809387661404,2026-07-14 09:10:16
0.629272011717997,0.33024774751895974,0.42832417734186373,0.45567033689920144,2026-07-14 09:10:17
0.6002539640328327,0.08583604091760158,0.21820328512257164,0.4218789735287771,2026-07-14 09:10:18
0.5697696078090827,0.011512515040495643,0.18114645170781835,0.2655028249741629,2026-07-14 09:10:19
0.4495088774814164,0.09625627678682949,0.1281987277847793,0.36682969563484624,2026-07-14 09:10:20
0.5991228130932176,0.03355848596073469,0.4675820136173197,0.5645604422039887,2026-07-14 09:10:21
0.7663561086941656,0.09897510307493701,0.14692190126929372,0.5326279297736773,2026-07-14 09:10:22
0.7027371373122765,0.006151436051653703,0.40065211366212405,0.5080517841571992,2026-07-14 09:10:23
0.7321119495856843,0.016400381409582675,0.17786062843712358,0.3219600539556353,2026-07-14 09:10:24
0.4826173547958412,0.16528869350515327,0.4455688726861979,0.45212819916410396,2026-07-14 09:10:25
0.4259002976927761,0.02199090283004923,0.5486346772817624,0.1328753468044246,2026-07-14 09:10:26
0.5283131759993142,0.15488450243095164,0.523763123084466,0.5097182880272522,2026-07-14 09:10:27
0.5498329305658309,0.02794942023747883,0.512192004488986,0.709756040777342,2026-07-14 09:10:28
0.6729518820772307,0.08790032135392466,0.1260398755012453,0.24533156262248346,2026-07-14 09:10:29
0.3425703549824497,0.10113151508650323,0.05911013338038078,0.3874277858246922,2026-07-14 09:10:30
0.724567330075277,0.06135605000179211,0.47048448973000273,0.5338163098361624,2026-07-14 09:10:31
0.5244931079649342,0.03109056351601787,0.24773789339067415,0.6815968968897472,2026-07-14 09:10:32
0.49261593179831187,0.0204000474969714,0.29085795570787737,0.4094577183851551,2026-07-14 09:10:33
0.42323278618612076,0.0028701996503778257,0.020546825934089588,0.3704181348342468,2026-07-14 09:10:34
0.3470290947351725,0.030923058950962385,0.17445235423685823,0.1661741871353981,2026-07-14 09:10:35
0.6408200705237873,0.09039426943196224,0.022249630506663662,0.49771351564255406,2026-07-14 09:10:36
0.5519187352130287,0.2378105815420519,0.5919211798479305,0.8078595890837992,2026-07-14 09:10:37
0.39029055794206263,0.1749713266786458,0.16355105291683147,0.5255375399038869,2026-07-14 09:10:38
0.3896837911278272,0.12401672705776207,0.3750720246262497,0.477601112317934,2026-07-14 09:10:39
0.5034161728219999,0.13260312734908689,0.02582253097781649,0.532692525379868,2026-07-14 09:10:40
0.7411028147268232,0.09335514130977657,0.44885578148406796,0.4793908206608184,2026-07-14 09:10:41
0.5124495351400661,0.02572907601660428,0.21720311708025603,0.351098130031799,2026-07-14 09:10:42
0.365016032274529,0.20295160123683656,0.6045430307411299,0.6128748370495152,2026-07-14 09:10:43
0.5140913660855235,0.09483255187625635,0.5979394969001983,0.51728298762397,2026-07-14 09:10:44
0.5108926001853555,0.07016696537391431,0.21872802272964625,0.48398312866699555,2026-07-14 09:10:45
0.22348767634141525,0.01003278855251863,0.606592416579479,0.325124879411288,2026-07-14 09:10:46
0.5367891603265826,0.050574225936386795,0.670732327871084,0.689702403850994,2026-07-14 09:10:47
0.5158470423427436,0.05265333728347048,0.5556929579766133,0.5875054339005792,2026-07-14 09:10:48
0.6257673943491593,0.17067890219177073,0.5688014460048597,0.3927082667796631,2026-07-14 09:10:49
0.7624355715288341,0.06752919016294909,0.16733223735239178,0.6414387123071457,2026-07-14 09:10:50
0.6767900341341104,0.040856976466569606,0.3881195680101909,0.4015632390018218,2026-07-14 09:10:51
0.5113472573718114,0.3213151484917897,0.04487420717995495,0.3560592950510024,2026-07-14 09:10:52
0.4120383191390978,0.010006970671847876,0.06351180955336609,0.35962694103243953,2026-07-14 09:10:53
0.8483197246700754,0.04687167593221152,0.6725750238008223,0.1978272481064156,2026-07-14 09:10:54
0.550247116953146,0.0036540158225502246,0.21963667824101984,0.5566033616837971,2026-07-14 09:10:55
0.5448777081948888,0.11496623774783567,0.5036571870079054,0.18821615142920511,2026-07-14 09:10:56
0.5403660414568052,0.2135993987430478,0.5430595205838572,0.2846371293558758,2026-07-14 09:10:57
0.5667108881021948,0.02803964464846067,0.577662703813353,0.14910978878406622,2026-07-14 09:10:58
0.526111132307491,0.16684411404981433,0.6717231774447523,0.46739578246407065,2026-07-14 09:10:59
0.4752138170365614,0.029496481003659047,0.16227077293778697,0.45711685253165113,2026-07-14 09:11:00
0.4783915459295496,0.2063056136224315,0.026746598871051852,0.42890000661580174,2026-07-14 09:11:01
0.5393430977712458,0.11971012494701197,0.27660473042046363,0.31437226046441946,2026-07-14 09:11:02
0.47879869568316,0.13951836562033157,0.08720310066406432,0.29362969822553886,2026-07-14 09:11:03
0.4587124096330881,0.0015398562893082785,0.01466946831785683,0.5554558921475858,2026-07-14 09:11:04
0.5558444722286366,0.2810263707139369,0.24240144284049986,0.3930872477045315,2026-07-14 09:11:05
0.5129965795320404,0.11072932345355155,0.5276123271259485,0.5317767933731625,2026-07-14 09:11:06
0.7215372935171559,0.031021818846979108,0.381030447876781,0.339541980898713,2026-07-14 09:11:07
0.2289315033192747,0.1509695329012012,0.2102974965892428,0.510132012636435,2026-07-14 09:11:08
0.6726335922750939,0.028215791457834673,0.4404301356252946,0.6896656249801714,2026-07-14 09:11:09
0.6909601548286581,0.17600460548110808,0.1558846572250544,0.5749409808084525,2026-07-14 09:11:10
0.297408420522306,0.010185711250706046,0.009249433332849166,0.41518678122374375,2026-07-14 09:11:11
0.5025977765790144,0.10383567462511063,0.5145515541989846,0.5223123955228353,2026-07-14 09:11:12
0.4991888343273556,0.06641599869392313,0.41981376498829376,0.4426633755688911,2026-07-14 09:11:13
0.3763539223866088,0.008655752161528807,0.5131698300309047,0.4824260186105884,2026-07-14 09:11:14
0.4510095623348679,0.023632131361733557,0.025794701956130928,0.4290736122350163,2026-07-14 09:11:15
0.41155816507328813,0.0010541428336312587,0.5635786365803552,0.45487475342793715,2026-07-14 09:11:16
0.7509726742428893,0.053994316841172445,0.41697259089602995,0.515096334177966,2026-07-14 09:11:17
0.654158817693225,0.03059482530433366,0.37915379304142555,0.3222463858903901,2026-07-14 09:11:18
0.6939798260167367,0.0778688628459817,0.42040058637986694,0.3186435836084591,2026-07-14 09:11:19
0.6287865672046121,0.030104131209882274,0.5819814979215149,0.2590243061003821,2026-07-14 09:11:20
0.40936768866011053,0.030430500102840277,0.3950149144201534,0.22515166889492466,2026-07-14 09:11:21
0.4810399837540612,0.11605276980869522,0.3909816935225521,0.2864227043880563,2026-07-14 09:11:22
0.6012457442112931,0.004201029766081617,0.667041115141903,0.5066763759065895,2026-07-14 09:11:23
0.3983327414589913,0.19908464013680466,0.5094153234854251,0.33833590816400827,2026-07-14 09:11:24
0.6277582349485579,0.16325744301444128,0.2975602501802397,0.5633341139935122,2026-07-14 09:11:25
0.5147336759534576,0.09407679071462857,0.47617654135173343,0.4867188906742448,2026-07-14 09:11:26
0.49878811382484056,0.0767840436905369,0.2618082258101018,0.16624120799414643,2026-07-14 09:11:27
0.6275165581350597,0.19024525448337495,0.15376721536230642,0.5859492687149226,2026-07-14 09:11:28
0.5958974260886647,0.01748844278408342,0.4016955079019685,0.6108780655600614,2026-07-14 09:11:29
0.5004306981441364,0.007011768543792346,0.6249330111761654,0.32216575920661095,2026-07-14 09:11:30
0.6806745736799941,0.023364107529192837,0.6255780850667463,0.5483881810475744,2026-07-14 09:11:31
0.41505712231898434,0.13511397275596804,0.22992233861552291,0.34414151891909306,2026-07-14 09:11:32
0.6162506207841351,0.003001076251942173,0.355088462307374,0.49679078231571916,2026-07-14 09:11:33
0.6135434166356154,0.07462565123359644,0.14215186318774836,0.2788690666263194,2026-07-14 09:11:34
0.506526939252537,0.46016141577239483,0.670377549389919,0.1943015933454013,2026-07-14 09:11:35
0.5818920866132636,0.16526433481059774,0.6605991147979354,0.41992169231630605,2026-07-14 09:11:36
0.39489623490086984,0.06291017676141887,0.43717379587021193,0.46137100107942386,2026-07-14 09:11:37
0.6527774493038238,0.005602574720204482,0.5415428882243505,0.4175439676097752,2026-07-14 09:11:38
0.521304569837852,0.1519656087602618,0.48136663381772365,0.29174242847647625,2026-07-14 09:11:39
0.1848570329169797,0.4195093018736481,0.399206863935384,0.41718890985140034,2026-07-14 09:11:40
0.37119911178209186,0.35192067787853176,0.035503590003748337,0.524247496111375,2026-07-14 09:11:41
0.16332437473327124,0.34991145938558194,0.30596241632352167,0.4739832840148379,2026-07-14 09:11:42
0.07984530968362469,0.5467269139484049,0.45420471293057224,0.5103621119860247,2026-07-14 09:11:43
0.06227876149127023,0.4359445482747581,0.4560543979094503,0.37395934448855206,2026-07-14 09:11:44
0.318677821380481,0.492423896062257,0.25095537654793254,0.6686184478782744,2026-07-14 09:11:45
0.09502457360512534,0.5217953240073666,0.6340354521697203,0.2929994380680041,2026-07-14 09:11:46
0.4548758552383432,0.4139051570345376,0.1123184736121544,0.5591659309659103,2026-07-14 09:11:47
0.0,0.403707960829064,0.3366826357637074,0.6702459675244641,2026-07-14 09:11:48
0.4479594167002586,0.38955294152298,0.4650507040525855,0.5581017017751093,2026-07-14 09:11:49
0.2718481397970204,0.3740410509187041,0.4692629451449107,0.4487652190475524,2026-07-14 09:11:50
0.23536409108720985,0.3901800914927531,0.43658764171253334,0.39664761613288624,2026-07-14 09:11:51
0.18222550254997275,0.4684259015338451,0.18503833396995895,0.6469201237704532,2026-07-14 09:11:52
0.29415118782851263,0.4201385864826071,0.10480572203134368,0.25351576593476377,2026-07-14 09:11:53
0.24236833348132691,0.5319287925497539,0.428031795424841,0.3259634647976619,2026-07-14 09:11:54
0.37763596286985057,0.3915169116652975,0.40334638445329796,0.41756347384574743,2026-07-14 09:11:55
0.2603728926347604,0.42125384347336076,0.1204029214852158,0.6791669585763622,2026-07-14 09:11:56
0.2646497821545381,0.4266854335850122,0.4746552862393281,0.5419211064516025,2026-07-14 09:11:57
0.20372095764604076,0.4179730158364805,0.3062370745935714,0.32629598650779235,2026-07-14 09:11:58
0.2400788613225155,0.4450413654755535,0.44947106056621006,0.43152186359888,2026-07-14 09:11:59
0.28332273289017146,0.3646396084165321,0.5637453601377462,0.3828850376837134,2026-07-14 09:12:00
0.0440753955255647,0.40281341567812623,0.11391622885551177,0.3676122743780885,2026-07-14 09:12:01
0.08699152160404597,0.3508939216710996,0.012458843007547044,0.6377694908983798,2026-07-14 09:12:02
0.3349504545459541,0.38293363039029743,0.5244889953476793,0.26171190213707574,2026-07-14 09:12:03
0.26708777900034225,0.39859536197214296,0.4103503420798539,0.7385404040341057,2026-07-14 09:12:04
0.22501747187725335,0.4316718795724599,0.47094988442221225,0.6136667090742804,2026-07-14 09:12:05
0.24901574185549846,0.5981753481919463,0.564276213498381,0.6556829499781651,2026-07-14 09:12:06
0.28803897897855957,0.4198661325502726,0.5404627646295572,0.40710360826240777,2026-07-14 09:12:07
0.18283719359027079,0.45769442088368345,0.6469906437472426,0.4571776040723079,2026-07-14 09:12:08
0.1545556719070119,0.40175242546184925,0.36065212269367697,0.25188765259439405,2026-07-14 09:12:09
0.27004934642673023,0.42733547462205324,0.3286892565069839,0.3972290909884162,2026-07-14 09:12:10
0.13083592138955036,0.34777832285914934,0.2703358403219787,0.5601409459049567,2026-07-14 09:12:11
0.29523204234917044,0.3665596710332667,0.10311085789729409,0.6885113628461523,2026-07-14 09:12:12
0.044974635994153,0.37984708012224233,0.38536040337820227,0.3040407998840111,2026-07-14 09:12:13
0.368845301860144,0.39610347884472624,0.18620010802420073,0.42269117134012113,2026-07-14 09:12:14
0.302860650952715,0.345485940153786,0.6203011807717479,0.45696026910937304,2026-07-14 09:12:15
0.27718472269616895,0.35437603593350675,0.39249120492481954,0.25786497690213617,2026-07-14 09:12:16
0.3633365263516727,0.3691666201076841,0.39899258185926484,0.5757702351924059,2026-07-14 09:12:17
0.4442862490175092,0.6453537644628277,0.23869429576850776,0.3653403237153441,2026-07-14 09:12:18
0.36709234789016576,0.3758602511313511,0.03458818748172186,0.44990650674375043,2026-07-14 09:12:19
0.02857911888240188,0.3976629327364889,0.020947493345120458,0.40886182664020954,2026-07-14 09:12:20
0.09512563110712038,0.36013272566287846,0.2847866365994747,0.35488582911773925,2026-07-14 09:12:21
0.17275274580872968,0.4220595552194794,0.0565366554198591,0.4800382684797193,2026-07-14 09:12:22
0.2499235575030448,0.36962459761197297,0.40842980577292315,0.44667180574657905,2026-07-14 09:12:23
0.30820307533682845,0.36129770858433774,0.5931253484256932,0.4216749780218896,2026-07-14 09:12:24
0.16078721018473383,0.4035535147996637,0.5944336655809133,0.36462500033821676,2026-07-14 09:12:25
0.26897301499742804,0.3419681933390793,0.443599107971757,0.5322833504669622,2026-07-14 09:12:26
0.15727324328595874,0.342153678492118,0.14187961838756047,0.745713397653148,2026-07-14 09:12:27
0.17432966453299462,0.3626078658596958,0.5810136966421248,0.5035446955020908,2026-07-14 09:12:28
0.08005873847904307,0.3446910011350246,0.5965752961297821,0.6405257560519209,2026-07-14 09:12:29
0.13737317667075344,0.35125696428983444,0.13205735906213462,0.25875563786763234,2026-07-14 09:12:30
0.08657666396451397,0.37682506293103557,0.4964089792527892,0.5064042366865484,2026-07-14 09:12:31
0.13113226106079104,0.48001692333255974,0.19260557392969968,0.30560677780609957,2026-07-14 09:12:32
0.3717483420151358,0.4139602598747526,0.5403478057996172,0.2448847671944958,2026-07-14 09:12:33
0.13427101962664842,0.40286664863725025,0.671460142691873,0.36287963716212523,2026-07-14 09:12:34
0.5589212808232763,0.37115821153782386,0.019790132987416414,0.6718471003464006,2026-07-14 09:12:35
0.3053172308575974,0.5707028997974052,0.6041702243146189,0.6331502301792713,2026-07-14 09:12:36
0.26874412129257985,0.3846859342910412,0.4190641709252398,0.520041579321644,2026-07-14 09:12:37
0.14506470887460682,0.3492764713583869,0.6553873760956891,0.235961701534396,2026-07-14 09:12:38
0.3298578710822647,0.4234497716728584,0.3128652194342273,0.44976407523910744,2026-07-14 09:12:39
0.17858353759153,0.35181515330571295,0.5704970222869744,0.5294317354944189,2026-07-14 09:12:40
0.2612955338739204,0.37765067075104064,0.04159848359070813,0.5092478731295729,2026-07-14 09:12:41
0.5503498008979691,0.4019508025995248,0.22545784215201864,0.18619259343928674,2026-07-14 09:12:42
0.2354415348817619,0.5185040914356631,0.04471292473297335,0.3387310091082689,2026-07-14 09:12:43
0.3830862642894512,0.39958081122465927,0.6567082949029944,0.470914082749879,2026-07-14 09:12:44
0.16346276386721656,0.44493376470044993,0.550005228327507,0.5669619242337727,2026-07-14 09:12:45
0.24268206416471982,0.7629194436464324,0.5739732877845826,0.12982565677425084,2026-07-14 09:12:46
0.4567735549613895,0.35353287368022934,0.6315245084698932,0.455228509239642,2026-07-14 09:12:47
0.17249802542127926,0.3689210866301702,0.056899211817524095,0.5040504827321146,2026-07-14 09:12:48
0.46171126649033023,0.38434129589290905,0.25936053216328087,0.6170874798286468,2026-07-14 09:12:49
0.330740189427484,0.3882735782023594,0.04742033459906332,0.5920096854091987,2026-07-14 09:12:50
0.18014507640167804,0.38669245372444155,0.14158401911430984,0.5743659304893098,2026-07-14 09:12:51
0.32180750116576506,0.5448434658135307,0.15409757036731497,0.3531897057948177,2026-07-14 09:12:52
0.3621347549419245,0.448378482692739,0.3156260870286751,0.17592041693728167,2026-07-14 09:12:53
0.3205510455754566,0.4214312603669831,0.18050658401369868,0.4182841915556792,2026-07-14 09:12:54
0.06066689510682446,0.3730995781802408,0.06759491798319169,0.6414078313351266,2026-07-14 09:12:55
0.1606220153193843,0.4897183539246184,0.1124087959438018,0.7040921892181435,2026-07-14 09:12:56
0.21748482771252647,0.6063739609895216,0.0987883557899447,0.5948399998423186,2026-07-14 09:12:57
0.23800553489133564,0.48847157677866876,0.6551813255500771,0.5498518959692884,2026-07-14 09:12:58
0.32041614214777814,0.34163055424364114,0.5111417290892242,0.5419006308030023,2026-07-14 09:12:59
0.26789819247013524,0.4278732187845348,0.6516000597547477,0.3921966606483349,2026-07-14 09:13:00
0.08851393768574489,0.34597819567559335,0.2958399225148695,0.46035810306111324,2026-07-14 09:13:01
0.2919058974044022,0.3669286792605586,0.18711369969496972,0.748185471943644,2026-07-14 09:13:02
0.3192203202424064,0.3467364078578668,0.5374188875514018,0.3303735537431489,2026-07-14 09:13:03
0.3131981104625699,0.4205410335808185,0.21937705683990044,0.7394999622739413,2026-07-14 09:13:04
0.37496589032836847,0.4405549665759383,0.20127272211624353,0.42964680934081834,2026-07-14 09:13:05
0.34569873021663317,0.3518777275848073,0.15621332603770233,0.6932098651575624,2026-07-14 09:13:06
0.3012699049409896,0.3828404036247119,0.08693245637876444,0.25610105243585535,2026-07-14 09:13:07
0.23851150871680848,0.39351203419893915,0.1723546735033284,0.5748991297887405,2026-07-14 09:13:08
0.049909353728811605,0.380815827177719,0.23896049052845203,0.3632957923093607,2026-07-14 09:13:09
0.2977650977588807,0.35251036853195,0.45367103057855535,0.25474886016880927,2026-07-14 09:13:10
0.271453366363973,0.38784929497420007,0.041713544259411886,0.5161267248955359,2026-07-14 09:13:11
0.27902819963834125,0.46025785609020037,0.14139121429127544,0.642662079922208,2026-07-14 09:13:12
0.09546096064193099,0.3477852565036388,0.5446486455671234,0.3459903921688148,2026-07-14 09:13:13
0.1186618975575996,0.34863241102642867,0.0985500868409379,0.24135061206314323,2026-07-14 09:13:14
0.37169037367701085,0.37890483116190005,0.23042083337268154,0.46647187823563163,2026-07-14 09:13:15
0.24214064780967892,0.5841892310929625,0.5821335490114594,0.46717730606033925,2026-07-14 09:13:16
0.3276278843332271,0.4357827184204208,0.1039424601956679,0.568886295797411,2026-07-14 09:13:17
0.2501876257265831,0.43842427446648924,0.05530465413684056,0.6330828368314094,2026-07-14 09:13:18
0.25035808466768095,0.3798560307635021,0.3260227531951817,0.47166000944566466,2026-07-14 09:13:19
0.3580716818601518,0.41838460576163494,0.20331835432246714,0.7780114168929275,2026-07-14 09:13:20
0.18564880064564115,0.3423662077875891,0.37916256121772784,0.5170387313975455,2026-07-14 09:13:21
0.25822617068127984,0.42780155538472203,0.5411324535545626,0.42574352607246135,2026-07-14 09:13:22
0.19202361999630987,0.5502566696208322,0.09196512361011717,0.2233444778826541,2026-07-14 09:13:23
0.19531706138143304,0.42245385379595246,0.3908123804344933,0.43914468858495503,2026-07-14 09:13:24
0.21017528810461905,0.5181491883795637,0.3401520447285514,0.4273496693756784,2026-07-14 09:13:25
0.27316607119518965,0.4513990535478003,0.0966344905805953,0.6347962739746267,2026-07-14 09:13:26
0.19007056780410037,0.35246506005560646,0.41998584408983847,0.5551541288503059,2026-07-14 09:13:27
0.39571069585448265,0.5402055038436082,0.1839281129575216,0.2924881717877388,2026-07-14 09:13:28
0.14076702311410733,0.34736685512635185,0.32824368860326064,0.5087228391526866,2026-07-14 09:13:29
0.22467503869073602,0.4066822140064237,0.05499168433996478,0.5885978553489828,2026-07-14 09:13:30
0.19469642815090607,0.3545860720634421,0.3092097538692045,0.72562198379469,2026-07-14 09:13:31
0.4183816438724814,0.3425021980133491,0.20604301616607018,0.6231494929587931,2026-07-14 09:13:32
0.27013346615868244,0.3883040151423467,0.5536484608120994,0.6028866743520678,2026-07-14 09:13:33
0.3691640938276382,0.37134595250879615,0.03794983562285942,0.4907779789571518,2026-07-14 09:13:34
0.07070456560382749,0.3983180884214616,0.28160118095376646,0.5432880469200718,2026-07-14 09:13:35
0.27849129941430273,0.4149941775695462,0.308433154226389,0.6810629214619097,2026-07-14 09:13:36
0.3523034582246301,0.34531526985276756,0.4880408566746203,0.2679456957939421,2026-07-14 09:13:37
0.25658570311156914,0.3527027418983153,0.3864925530439165,0.4252615306141778,2026-07-14 09:13:38
0.37315190507474416,0.4113267267126637,0.4491016679253426,0.3575686788885517,2026-07-14 09:13:39
0.18550134695450182,0.3773830339858955,0.5231055606284675,0.5418227950902224,2026-07-14 09:13:40
0.4139202381774791,0.4530229295353958,0.580478825991329,0.6779780434515583,2026-07-14 09:13:41
0.5193839543996466,0.4316884248254612,0.21103695475253031,0.38566053276896994,2026-07-14 09:13:42
0.2038126805716572,0.5010014394468769,0.3620586847891452,0.09876101439091856,2026-07-14 09:13:43
0.19401217264899293,0.44217833482634095,0.5655921391520237,0.4152176693499139,2026-07-14 09:13:44
0.4191411993354733,0.3894785752256833,0.6662137185957523,0.6273041731468276,2026-07-14 09:13:45
0.4341018089119503,0.43692219529404946,0.5988835188502646,0.5671761383235681,2026-07-14 09:13:46
0.18484078962802275,0.36899759618613637,0.24984006176013596,0.5496671854062689,2026-07-14 09:13:47
0.19701356234437487,0.3727222249740796,0.13105543027043537,0.43637160535050956,2026-07-14 09:13:48
0.21342230833905174,0.47432877827991876,0.329293556276511,0.2765441637477326,2026-07-14 09:13:49
0.08743432672880014,0.391984402839004,0.4992491300616598,0.5636028599886167,2026-07-14 09:13:50
0.13791632827836584,0.4782173128378491,0.33143378173123167,0.3476957348340943,2026-07-14 09:13:51
0.1277809095228017,0.48905808517174526,0.3251083702390748,0.8305802632791077,2026-07-14 09:13:52
0.15580138414424058,0.5078840217526644,0.5643270461613542,0.5724358967960419,2026-07-14 09:13:53
0.24271805886727316,0.5536187073696534,0.24305967530690487,0.3882723871313529,2026-07-14 09:13:54
0.2745983707325547,0.3896365964296464,0.5788562072647584,0.3833550466126452,2026-07-14 09:13:55
0.4306551199144503,0.3742814048225383,0.2736491299425029,0.4662959878830355,2026-07-14 09:13:56
0.12846697456831882,0.4160096246376843,0.2207105570108263,0.4428494743735749,2026-07-14 09:13:57
0.3635299442674246,0.3811030984194975,0.30544063439535135,0.6598380045744157,2026-07-14 09:13:58
0.22146006651931782,0.4199566353935809,0.5132670768214366,0.5109884615616518,2026-07-14 09:13:59
0.24096590517153743,0.44589317772444426,0.08445506927219255,0.36411784043735285,2026-07-14 09:14:00
0.3268357712552516,0.4410508627247679,0.13189945022942873,0.7836007475118247,2026-07-14 09:14:01
0.11372210428609345,0.38156330831761937,0.6406065383243961,0.4890537529575023,2026-07-14 09:14:02
0.2921681361837313,0.35708273831342086,0.11779924956884545,0.6041654094207067,2026-07-14 09:14:03
0.26656455347083097,0.38956822158759885,0.38207250520274183,0.38386038635924624,2026-07-14 09:14:04
0.3052144837663787,0.35463156821060327,0.38987947838851494,0.5392570942814263,2026-07-14 09:14:05
0.2811136191856158,0.5300228631762212,0.32944981814180646,0.5309371579495501,2026-07-14 09:14:06
0.5379267290497507,0.37773603065044137,0.4339642115526076,0.17885653140705093,2026-07-14 09:14:07
0.17122080436958115,0.35582134979633046,0.15440813983461826,0.8035719379142177,2026-07-14 09:14:08
0.1838760883855627,0.3436976036643194,0.371922256394463,0.6876444873091971,2026-07-14 09:14:09
0.46934772234233346,0.08860621823292071,0.2503157323156264,0.4176214590119165,2026-07-14 09:14:10
0.4773697884429676,0.08648260206681231,0.4453656088767914,0.3048226413671644,2026-07-14 09:14:11
0.4676586679685859,0.035542185753114304,0.09471073839207496,0.5367687408230113,2026-07-14 09:14:12
0.6841941849720672,0.006341675373997741,0.3841949201541469,0.4950353576584181,2026-07-14 09:14:13
0.7116390010312896,0.044982558548487685,0.12438777872950467,0.5380657638657023,2026-07-14 09:14:14
0.4755594993545388,0.03181961338474023,0.18729870207008603,0.5118141619715502,2026-07-14 09:14:15
0.4445435186883706,0.09650528575970035,0.1469179849138731,0.5621544948996751,2026-07-14 09:14:16
0.5991165531202054,0.07946126456702228,0.12274880332190467,0.7127073769288166,2026-07-14 09:14:17
0.47775558639245563,0.0387062108269702,0.5558919112440739,0.5720513009120576,2026-07-14 09:14:18
0.6182656645441269,0.020971039946144222,0.1920584923205776,0.31323994319095894,2026-07-14 09:14:19
0.5672845045334473,0.37785468201429095,0.6242199585716097,0.6991500947757476,2026-07-14 09:14:20
0.3635220585356073,0.05165352450234933,0.6530587935941582,0.743633206257651,2026-07-14 09:14:21
0.7266960323533447,0.09950670983289495,0.384453006533403,0.985435892543963,2026-07-14 09:14:22
0.7561426781347416,0.012920231562422732,0.09590840264883436,0.3014271485669604,2026-07-14 09:14:23
0.4705750195703906,0.056741555434786414,0.2519159075700422,0.5200219481751684,2026-07-14 09:14:24
0.4972609922794303,0.0023724805678147732,0.5370409519856026,0.14806819860239906,2026-07-14 09:14:25
0.577118020174601,0.06010398555519469,0.24709345068259359,0.5696589307454762,2026-07-14 09:14:26
0.5828789392970923,0.2838433888898967,0.05818861063206053,0.3934634654113349,2026-07-14 09:14:27
0.6213022365208092,0.04138306051006098,0.37469993408595736,0.78888095229384,2026-07-14 09:14:28
0.7815529309296069,0.0033845198604750635,0.5689695519867075,0.357241321476236,2026-07-14 09:14:29
0.5222476912086611,0.002673185675572512,0.5358242223625994,0.21092741025866224,2026-07-14 09:14:30
0.4485814200308747,0.04190876287430009,0.11755097709433916,0.40577188621970484,2026-07-14 09:14:31
0.3796963764629996,0.014876817434907864,0.4528425778221495,0.16512396840457355,2026-07-14 09:14:32
0.45656836881362994,0.0020058811691251225,0.1481270248359553,0.6013273033476043,2026-07-14 09:14:33
0.5392987921776607,0.12049508290398454,0.14657957764038348,0.1507903878029675,2026-07-14 09:14:34
0.7559862036073587,0.052363471816781394,0.5884755646837779,0.48571802001366615,2026-07-14 09:14:35
0.4818590999374752,0.02913855508425703,0.16777706581328616,0.14875402034638463,2026-07-14 09:14:36
0.5697582175894416,0.19664754341699675,0.17692566298684853,0.4299236332084173,2026-07-14 09:14:37
0.5412792009933772,0.010528763281071371,0.0,0.7440753297200495,2026-07-14 09:14:38
0.6841202925338334,0.2665120598829329,0.5861829304774835,0.5388623022874377,2026-07-14 09:14:39
0.8428153685454227,0.03216107133496178,0.5335795365493669,0.34302238998451307,2026-07-14 09:14:40
0.4802873148896085,0.18720909563981628,0.4222297723442007,0.47617335644740955,2026-07-14 09:14:41
0.4851991105030252,0.07884918557033979,0.5050598583862945,0.48404770039120626,2026-07-14 09:14:42
0.6670203286924887,0.14963518984310173,0.1020042214108035,0.5567774159529204,2026-07-14 09:14:43
0.624070245482204,0.3531072202713085,0.308360502845353,0.2624933740048956,2026-07-14 09:14:44
0.7621689610229274,0.029037792375591325,0.23619782560551245,0.5759650977129391,2026-07-14 09:14:45
0.6124558717120241,0.27726539873153633,0.06274277120932074,0.04851288339936666,2026-07-14 09:14:46
0.5006291738211267,0.04211759240341258,0.3270957115277816,0.3803955012703324,2026-07-14 09:14:47
0.6132533721032385,0.041564211758701265,0.6199185773808764,0.40305058574538233,2026-07-14 09:14:48
0.6746724091128194,0.035514085638660244,0.026550057418458367,0.5824858693365682,2026-07-14 09:14:49
0.6405013377618081,0.0665479170360587,0.1959348744823291,0.48478585163032184,2026-07-14 09:14:50
0.603367876931825,0.014281253045071877,0.13939283574137395,0.2563013420949436,2026-07-14 09:14:51
0.6696895305478927,0.06886984455764074,0.1600137858207209,0.32358472237951785,2026-07-14 09:14:52
0.6818561015684657,0.0666032662462915,0.6116278774009128,0.512950448242643,2026-07-14 09:14:53
0.7070928482678783,0.12251077041286827,0.31492661707345054,0.46851602860829544,2026-07-14 09:14:54
0.6201362874445527,0.15312604494899076,0.3137343011331578,0.38851622970046096,2026-07-14 09:14:55
0.523413019287102,0.04955902483268821,0.5120062562444577,0.40424085608545157,2026-07-14 09:14:56
0.5606204151178649,0.030725420648774968,0.10365064933731964,0.5925392900163522,2026-07-14 09:14:57
0.6862680603312813,0.025619272188820996,0.3278603423408771,0.39834413505973876,2026-07-14 09:14:58
0.44637167779310294,0.018468012547207566,0.28926719684155056,0.46707237179760375,2026-07-14 09:14:59
0.5869355954327059,0.005057845517654063,0.40173513427327245,0.8283149029250265,2026-07-14 09:15:00
0.4965926485891282,0.035781252791804795,0.6730231365694561,0.2534025452144104,2026-07-14 09:15:01
0.5466342140224602,0.026886558160549582,0.5179847104034292,0.1849048791828385,2026-07-14 09:15:02
0.6947974958313389,0.28973669509855055,0.26762631108525914,0.6065251337886601,2026-07-14 09:15:03
0.5658826754648424,0.06963799986373266,0.5571330475416101,0.3725950450804181,2026-07-14 09:15:04
0.548731716866279,0.03641057554952387,0.11457647102396785,0.4302532392448497,2026-07-14 09:15:05
0.38200388915008104,0.07414827248857882,0.020085025523170083,0.35619481762446537,2026-07-14 09:15:06
0.6317009110389026,0.012785606880704705,0.13730918576281692,0.43960213622617594,2026-07-14 09:15:07
0.6197538528111548,0.05011045336596334,0.22891592644257341,0.7369017552163739,2026-07-14 09:15:08
0.7996983177305903,0.0840103227882896,0.3435693604151878,0.6094909966129252,2026-07-14 09:15:09
0.5067365747532715,0.05729238178751618,0.4140100220732937,0.6191050894254118,2026-07-14 09:15:10
0.569208388256556,0.043854791056950136,0.6130907247282634,0.254595299770461,2026-07-14 09:15:11
0.5727928069321253,0.43464674434358264,0.3430797057494066,0.2970021095603399,2026-07-14 09:15:12
0.7302466289681538,0.18123465205569564,0.3372999348583476,0.02696545950561302,2026-07-14 09:15:13
0.5319281864993782,0.08336668870795154,0.03341156960170896,0.35167943076052843,2026-07-14 09:15:14
0.5763066224151782,0.07192066462808633,0.023081826040146206,0.634220083257933,2026-07-14 09:15:15
0.615297518184703,0.08274652320684191,0.37091006074209115,0.5638671803741966,2026-07-14 09:15:16
0.5653503547328586,0.019179989572588402,0.29478759265010357,0.4457273258515295,2026-07-14 09:15:17
0.4902978131639877,0.04291221329303238,0.5649671018752324,0.4775977039879744,2026-07-14 09:15:18
0.5662372747681674,0.003425709657005967,0.1078194674297588,0.370956438234892,2026-07-14 09:15:19
0.6705143485642071,0.05509066549221677,0.016384711787869086,0.5139229550404294,2026-07-14 09:15:20
0.42152424990656634,0.066849484841333,0.30210474533047255,0.6036916409631679,2026-07-14 09:15:21
0.5589909468497536,0.02205391642255216,0.15956364793004096,0.22265344954691435,2026-07-14 09:15:22
0.46022106159800547,0.2838705373834917,0.03298801862387128,0.5291034022270238,2026-07-14 09:15:23
0.6849091037921392,0.20505605453235443,0.4877661038957302,0.6303376033487731,2026-07-14 09:15:24
0.36263965319933206,0.10932661910185812,0.07474682291118688,0.4147569957806212,2026-07-14 09:15:25
0.47696138694908763,0.06506754385671533,0.40942194934859205,0.5932644242587037,2026-07-14 09:15:26
0.5879479142792288,0.17415634754580947,0.18892023483166037,0.9314577902686709,2026-07-14 09:15:27
0.7288323159717415,0.011942329897372383,0.1164547068606621,0.46447242568676295,2026-07-14 09:15:28
0.5354310269418534,0.13343956217798686,0.2554216763133511,0.5440871613163569,2026-07-14 09:15:29
0.4774026993649828,0.011371538044671038,0.5395429735019783,0.36308990456832424,2026-07-14 09:15:30
0.7662532679226305,0.13496132120755927,0.2637372754963873,0.5101621563112317,2026-07-14 09:15:31
0.37155204520557816,0.027534808674534693,0.5053993568168612,0.5548002500642295,2026-07-14 09:15:32
0.2825393314480002,0.17896512651944324,0.08410758960417268,0.5123364924075391,2026-07-14 09:15:33
0.5953936878253465,0.24614390553240845,0.5202232997870833,0.3180330156295388,2026-07-14 09:15:34
0.48370352200383915,0.01374303979123118,0.1591962917756013,0.5141793875093597,2026-07-14 09:15:35
0.4221505326159592,0.05302075368229505,0.4559610927435925,0.7150895387722915,2026-07-14 09:15:36
0.6272078888316394,0.338308180411431,0.38076152520043427,0.5529387284180158,2026-07-14 09:15:37
0.5721308988830983,0.05638012950817607,0.625581586736787,0.6350654255861796,2026-07-14 09:15:38
0.4763500068915878,0.17004076685510347,0.26052272030308166,0.4432478204671746,2026-07-14 09:15:39
0.3914354173722542,0.07584680882552781,0.04413931872175149,0.6011354511985716,2026-07-14 09:15:40
0.6466634286517674,0.040161116099194365,0.012465996705540494,0.5258430046551554,2026-07-14 09:15:41
0.6203130924622003,0.02872379716946898,0.5566651261320485,0.32903727299458607,2026-07-14 09:15:42
0.531468140572327,0.01938451210636005,0.3531063718707596,0.5321227825433339,2026-07-14 09:15:43
0.7621606228467737,0.12247362206867755,0.521889263821618,0.32251228081608296,2026-07-14 09:15:44
0.4163587231071852,0.04170724565604933,0.15750668361846887,0.37991624128485,2026-07-14 09:15:45
0.3623624320793497,0.061114755955869085,0.23206386716585292,0.5114543495033277,2026-07-14 09:15:46
0.46119475160839485,0.057866881985660194,0.019842596684342725,0.5287189005350919,2026-07-14 09:15:47
0.5378216677702219,0.07350183458443164,0.6473761549405488,0.2909102199571163,2026-07-14 09:15:48
0.5720762121026746,0.17132022290162277,0.44954336533326905,0.6497834907000515,2026-07-14 09:15:49
0.5146257095859712,0.33720157204568313,0.6283173075535117,0.5726757201560173,2026-07-14 09:15:50
0.5849654021364367,0.0446873751556492,0.1784409933440939,0.3684218694846164,2026-07-14 09:15:51
0.394845747061434,0.1500359661296969,0.4115403300254299,0.23518031436449638,2026-07-14 09:15:52
0.7143967119058828,0.12345762429051901,0.4567068377012063,0.4579832929721537,2026-07-14 09:15:53
0.5334865602327741,0.07274777008549532,0.2135124911544482,0.40982262042869877,2026-07-14 09:15:54
0.6756910927455793,0.26676094406943107,0.5709830093564318,0.49926570795062064,2026-07-14 09:15:55
0.5838592462104517,0.019090500655617685,0.6377205739675793,0.42307341111414365,2026-07-14 09:15:56
0.5973782097049816,0.009867262022749264,0.5957409655573943,0.16000950761066113,2026-07-14 09:15:57
0.610776977294797,0.16424445836365145,0.4975145476583848,0.41903703519020086,2026-07-14 09:15:58
0.5963058892827063,0.04936219056700334,0.18650475286458268,0.43227195164220245,2026-07-14 09:15:59
0.6194264630907205,0.16025099832311382,0.18930178046327029,0.5825393349243657,2026-07-14 09:16:00
0.7008084864491025,0.19087200327098078,0.648634738395544,0.3694663500331594,2026-07-14 09:16:01
0.566525511228697,0.005494748293091962,0.006489066602333268,0.7497221172241466,2026-07-14 09:16:02
0.6272846329114483,0.18351179438252718,0.4820065804226497,0.1753383383226541,2026-07-14 09:16:03
0.5325873520742135,0.050769540975552106,0.47540115151787626,0.6909277921841657,2026-07-14 09:16:04
0.7139642833035167,0.060967620733444534,0.4191039277988941,0.445278464673482,2026-07-14 09:16:05
0.46303427639885364,0.08409218116462833,0.6666568616362967,0.6186829560868214,2026-07-14 09:16:06
0.7567429108976462,0.22272654414874898,0.2096920859893842,0.4939320912350138,2026-07-14 09:16:07
0.5384652106199523,0.0016363770394476973,0.22861967874265587,0.663473064406872,2026-07-14 09:16:08
0.3735958497527394,0.055302138964505254,0.052746090703265955,0.41919461270314695,2026-07-14 09:16:09
0.5584141294418445,0.0993556060260799,0.2979000489873615,0.3054064640593275,2026-07-14 09:16:10
0.46248187062087875,0.1095000100524235,0.1754441828238093,0.7084196485781695,2026-07-14 09:16:11
0.6428916375063839,0.10068100560855327,0.23092046492568574,0.4630105388747361,2026-07-14 09:16:12
0.4658522109954889,0.012314641123332117,0.5618620020491261,0.5166105777387844,2026-07-14 09:16:13
0.49032747426581,0.030366678658498174,0.6298530965784498,0.6787027174965488,2026-07-14 09:16:14
0.3192053254215268,0.03792001049525228,0.12469953931387169,0.3160716556626628,2026-07-14 09:16:15
0.4896015546220982,0.13931311874165342,0.25054189804330856,0.5764328232403404,2026-07-14 09:16:16
0.2558549901666719,0.027888291083653375,0.6252351688954942,0.386793126173397,2026-07-14 09:16:17
0.3554412703085072,0.02019000545391168,0.041203923604507156,0.46002069228293996,2026-07-14 09:16:18
0.6333798273922002,0.26952641051143306,0.06178872636094175,0.49272862790840355,2026-07-14 09:16:19
0.6363894922515111,0.0007485944121211176,0.10924205021132304,0.2411576902934498,2026-07-14 09:16:20
0.5936678462718479,0.523249519661803,0.40059118420838746,0.3565658682139441,2026-07-14 09:16:21
0.42858311771382623,0.09642616948872088,0.10094217377873883,0.6973119144477398,2026-07-14 09:16:22
0.5375696908606523,0.1505076979443891,0.6518122381119322,0.6229394727188517,2026-07-14 09:16:23
0.5427991621555865,0.02978661713596845,0.30053876175488026,0.47114416594027997,2026-07-14 09:16:24
0.4058923956604366,0.0012195285935391932,0.33746319783245,0.5200605749505698,2026-07-14 09:16:25
0.7214667883928015,0.11430097344766049,0.16574881708047484,0.4340919972959365,2026-07-14 09:16:26
0.6472449531913463,0.153380288402424,0.3168745947295461,0.6981934910875984,2026-07-14 09:16:27
0.5170291119598804,0.11515420853096343,0.44553160549169996,0.4491126426125329,2026-07-14 09:16:28
0.5464138158389826,0.0131487518258901,0.5056739063162174,0.5182557657772597,2026-07-14 09:16:29
0.5679318082202142,0.1195250301657524,0.5074869616112148,0.664508881499486,2026-07-14 09:16:30
0.3011614302004241,0.12506620971846835,0.38892047747129643,0.35680033028066616,2026-07-14 09:16:31
0.51392131556993,0.09172841450156062,0.6088824501502501,0.7305426647696414,2026-07-14 09:16:32
0.4623713041696442,0.12403539910616626,0.5502976003588395,0.2363199239863134,2026-07-14 09:16:33
0.4244757958923046,0.15966862960884481,0.5096295443157595,0.7418778207891541,2026-07-14 09:16:34
0.509899469194193,0.08117295367072133,0.03702462292932718,0.421544160935416,2026-07-14 09:16:35
0.756357132962951,0.007909663264880447,0.00419387578401792,0.44233804159652035,2026-07-14 09:16:36
0.6192035852983412,0.05708049404021935,0.142698538760901,0.17879879745315996,2026-07-14 09:16:37
0.4755081996000464,0.006889511658050075,0.44661633520452454,0.40840662419168927,2026-07-14 09:16:38
0.6111107786364066,0.04468144098545806,0.2766087533741065,0.31481559519864266,2026-07-14 09:16:39
0.7091316315402982,0.0446185554908035,0.2706855624994303,0.38395320151950063,2026-07-14 09:16:40
0.6528493743892736,0.005818847539348804,0.5955602429050507,0.45919813011773547,2026-07-14 09:16:41
0.5502959554198776,0.03661270594209552,0.6029554206692235,0.6343942115443948,2026-07-14 09:16:42
0.4665264765842576,0.010033617307319899,0.6121269406490631,0.5143780172705061,2026-07-14 09:16:43
0.6260065205955413,0.14098752956334,0.2110386929170937,0.5303878876533528,2026-07-14 09:16:44
0.5898772758212023,0.25189613847603204,0.4651664806380636,0.30590257229938134,2026-07-14 09:16:45
0.6493589598676729,0.006397298880349691,0.18257571448819182,0.340261032896537,2026-07-14 09:16:46
0.6185312334808517,0.26496961071432534,0.12798531252567935,0.7689279435944645,2026-07-14 09:16:47
0.667659576471993,0.06311217700496802,0.1239579876758453,0.3635468193672997,2026-07-14 09:16:48
0.4797696368593033,0.030387408638105746,0.2300586693491261,0.7461279069199622,2026-07-14 09:16:49
0.6994144215732824,0.0068166703367972216,0.2892486048404355,0.44228005615680743,2026-07-14 09:16:50
0.5666533687684253,0.05927404581468134,0.5594212211790529,0.4815313626667552,2026-07-14 09:16:51
0.7892659065478904,0.1350879032342376,0.08033775775399286,0.6524038888517212,2026-07-14 09:16:52
0.4615172603404468,0.10482112744231332,0.49472441522317984,0.6846445092176907,2026-07-14 09:16:53
0.7490393848724536,0.004388085509337147,0.35763356081941666,0.46343738303617954,2026-07-14 09:16:54
0.5666902616292043,0.0064511880682251305,0.1935662186771171,0.41905365482623935,2026-07-14 09:16:55
0.4659951895576919,0.04401113667289712,0.3316025682381505,0.4722191018033288,2026-07-14 09:16:56
0.4858575375021311,0.029867883385691858,0.2016491499460627,0.5352322654387609,2026-07-14 09:16:57
0.5052464053922842,0.022567842592607048,0.40117676443780564,0.6237573775270127,2026-07-14 09:16:58
0.5935147144034082,0.028154413946374326,0.29186704571888433,0.48184203426957906,2026-07-14 09:16:59
0.6052128185501536,0.13889744064458737,0.11032986480539482,0.5801756529482995,2026-07-14 09:17:00
0.4752093121656721,0.22609199215918332,0.07810894240148629,0.7432724751255382,2026-07-14 09:17:01
0.5403388316906108,0.04433049416786974,0.3679022014449293,0.5421677940194591,2026-07-14 09:17:02
0.7972104447803888,0.20196011514463105,0.6075708107931448,0.5310240062487028,2026-07-14 09:17:03
0.7480410479901732,0.03310323548117032,0.23130517214296664,0.23816780308542285,2026-07-14 09:17:04
0.5949561147653626,0.055235828468028984,0.4934269258893616,0.06029735498128885,2026-07-14 09:17:05
0.5477319054821117,0.021863889707972897,0.44334034641970727,0.5432982415460663,2026-07-14 09:17:06
0.5574569969276107,0.08732707352237042,0.6272054844317179,0.4659952188403631,2026-07-14 09:17:07
0.615963989911486,0.32974330141982705,0.5527050642631782,0.3988096647079784,2026-07-14 09:17:08
0.4219656113622829,0.0789675784068144,0.3813165051781369,0.5201256467067785,2026-07-14 09:17:09
0.5127121199632027,0.037800081838007815,0.44224153817389716,0.4715018601309051,2026-07-14 09:17:10
0.34540159575484014,0.08908850145225039,0.6048578657016581,0.6615892373613814,2026-07-14 09:17:11
0.5905575328288699,0.011186373485423064,0.2687400935857499,0.49494147556851953,2026-07-14 09:17:12
0.6199567961875699,0.18740472015499712,0.2197414187792941,0.3616714769507161,2026-07-14 09:17:13
0.48594045390663865,0.059695610986122194,0.006843861051379296,0.639573550402603,2026-07-14 09:17:14
0.729835644280667,0.05092919724811544,0.556457953417496,0.4464283945738119,2026-07-14 09:17:15
0.3979014432533899,0.07525375516690735,0.5392296233813223,0.5654014291932392,2026-07-14 09:17:16
0.36961231342615225,0.08367964432059477,0.06993718960623584,0.40478848586436555,2026-07-14 09:17:17
0.5698369245972346,0.006347554224626222,0.3882239890798482,0.37720509821358705,2026-07-14 09:17:18
0.6673685851995869,0.09797122786762505,0.3121727144559869,0.494630689543353,2026-07-14 09:17:19
0.7428700661134271,0.023636394325062957,0.07954137318848938,0.4832176801545063,2026-07-14 09:17:20
0.488821684073775,0.1068462721126525,0.6602287611050375,0.557928752664635,2026-07-14 09:17:21
0.6711129598933714,0.14760382682619796,0.14421356549218167,0.43818700244496744,2026-07-14 09:17:22
0.5386607704845963,0.139104387419279,0.04485956373337514,0.18738186337877716,2026-07-14 09:17:23
0.5227598549583595,0.0686385803088293,0.4003449550001513,0.4119295487643915,2026-07-14 09:17:24
0.6479915922070407,0.06268286950592934,0.4973795940605192,0.608161552258371,2026-07-14 09:17:25
0.620564637898381,0.013151309147299966,0.021418911153671685,0.4335906836960586,2026-07-14 09:17:26
0.35633172300030125,0.1274730886750925,0.443378268261232,0.44174856525466444,2026-07-14 09:17:27
0.718282552255234,0.027022577716880016,0.35819747332165286,0.6389672634733534,2026-07-14 09:17:28
0.7068477125220615,0.058604969031392985,0.06913574424290352,0.3672628373260167,2026-07-14 09:17:29
0.4690605531112403,0.028543547162913095,0.11579969397443747,0.23434546376148413,2026-07-14 09:17:30
0.5901521117682007,0.012254812220973077,0.3822389103711848,0.45546733847633014,2026-07-14 09:17:31
0.6017977077236173,0.08477285689562764,0.1992340817885302,0.4037064922202225,2026-07-14 09:17:32
0.5741313411362815,0.004757984295790784,0.6317606599547538,0.32658386330095723,2026-07-14 09:17:33
0.47798296843645505,0.11788485142172664,0.5511953079983959,0.4531080384521742,2026-07-14 09:17:34
0.4635996736541297,0.03261278414693952,0.6622493576053121,0.5597971137430839,2026-07-14 09:17:35
0.540196623397368,0.0,0.17451595035370293,0.4796793379594595,2026-07-14 09:17:36
0.682263163435563,0.06108919808665091,0.6529220924338918,0.5302766076529593,2026-07-14 09:17:37
0.6076746444384392,0.004085318132529574,0.2901084927948734,0.7712768998255588,2026-07-14 09:17:38
0.49928682687496684,0.027582210894055458,0.2337045096517839,0.4263110833196282,2026-07-14 09:17:39
0.634717646972594,0.10478907413760928,0.033483336740015204,0.525695949149374,2026-07-14 09:17:40
0.20550758449032702,0.005515880484336607,0.035110962890524025,0.3997006512799417,2026-07-14 09:17:41
0.6794221104074071,0.15609669921983702,0.46581022136098754,0.34576349349333313,2026-07-14 09:17:42
0.3369685709117389,0.00031525787181039416,0.3080946365058939,0.38759097007124144,2026-07-14 09:17:43
0.5002558510931652,0.024189160316115964,0.15218129129631797,0.40457285243589247,2026-07-14 09:17:44
0.4104799890482282,0.11529510144180403,0.4132292443460951,0.5386747890260688,2026-07-14 09:17:45
0.3897308939512234,0.03244821662636708,0.16992580233155263,0.8569738488483125,2026-07-14 09:17:46
0.6808520537271802,0.009163580268729654,0.3887457318346973,0.3666116794498473,2026-07-14 09:17:47
0.48777636185525186,0.038122400722145046,0.24158074748578373,0.4145130214293844,2026-07-14 09:17:48
0.5843072233607443,0.026903593601894902,0.5544374457683527,0.4710668251901917,2026-07-14 09:17:49
0.537663444156998,0.15790844980328864,0.552513138936112,0.5444858028469199,2026-07-14 09:17:50
0.5997834762964166,0.03208409619527698,0.3211800280328954,0.5233285722518648,2026-07-14 09:17:51
0.5523341548622596,0.1327991372751496,0.23592813374318294,0.6865968221742889,2026-07-14 09:17:52
0.3911167530477475,0.18990477215612098,0.2438385552342469,0.09298765189614633,2026-07-14 09:17:53
0.6613420852873233,0.048554285225006995,0.5424190919699443,0.09930087130460374,2026-07-14 09:17:54
0.48468727716496673,0.20551794930400963,0.22067442798532527,0.40183403419618813,2026-07-14 09:17:55
0.3586803957641264,0.040433280244224136,0.14041590027010453,0.6567129931525857,2026-07-14 09:17:56
0.4924696199271724,0.28398827069427335,0.056619503663245044,0.23069071775484895,2026-07-14 09:17:57
0.7211539707034388,0.00797383860598034,0.3139995663366884,0.0,2026-07-14 09:17:58
0.6440272128709403,0.09916368231919331,0.3244017533058706,0.5725434359745263,2026-07-14 09:17:59
0.5018906301508108,0.058117585196217014,0.5661315740395448,0.520145967471183,2026-07-14 09:18:00
0.5018188347439942,0.041861630553152326,0.14862185742611517,0.30675223082432757,2026-07-14 09:18:01
0.5050937326246943,0.08550292433878846,0.2562569724746347,0.3234972965406153,2026-07-14 09:18:02
0.789442216058547,0.10388499206366389,0.5442323274756272,0.3260243442518278,2026-07-14 09:18:03
0.5885079340860536,0.00036183783976375945,0.55448554164229,0.4988489339843718,2026-07-14 09:18:04
0.5942113281570413,0.015583931641650818,0.25869585543291795,0.3809665191929241,2026-07-14 09:18:05
0.6653750434576507,0.10657611085233631,0.3088998007810379,0.5602063897234144,2026-07-14 09:18:06
0.5715367369120399,0.09371280308587863,0.20390208740768184,0.024478067619129185,2026-07-14 09:18:07
0.5125146480769711,0.28880148808974393,0.6278792216187947,0.3440849450494854,2026-07-14 09:18:08
0.5199473472085495,0.12220151067122549,0.0794973565149147,0.30101760766653873,2026-07-14 09:18:09
0.5347373418712313,0.25708511017791363,0.6286840596111872,0.4401555859818198,2026-07-14 09:18:10
0.5388132642251672,0.10350626447349805,0.4603225669968983,0.3950876832699479,2026-07-14 09:18:11
0.6294928765234347,0.0302031284167489,0.3577125515898816,0.6088055275656794,2026-07-14 09:18:12
0.5493848951881372,0.009494330695478038,0.021564184034146727,0.18370597190174842,2026-07-14 09:18:13
0.6300869174266638,0.12997105717142865,0.31999811159533553,0.4884431269900169,2026-07-14 09:18:14
0.5336566439268601,0.08820383941444107,0.27428469177080916,0.5704887971331081,2026-07-14 09:18:15
0.552549136742106,0.004204902573939316,0.10818277792858964,0.7781944551342646,2026-07-14 09:18:16
0.3063227739006464,0.038097922356695346,0.44182320328860175,0.4040917243390747,2026-07-14 09:18:17
0.6518646272476634,0.2682356493647113,0.6538837349015886,0.533072688235849,2026-07-14 09:18:18
0.5843053968696845,0.059235907634775764,0.37834087323697874,0.1925807786406175,2026-07-14 09:18:19
0.6615487670298951,0.04839033583137963,0.48113291621338367,0.0984967511635566,2026-07-14 09:18:20
0.19985083573213075,0.052233740709355075,0.045679041140890234,0.616313551605097,2026-07-14 09:18:21
0.7908206616605392,0.019993123173346023,0.28096765721969186,0.48027579160847944,2026-07-14 09:18:22
0.526676748854043,0.039260714992974705,0.07795762274592334,0.6697054857412512,2026-07-14 09:18:23
0.6746106681783995,0.03941043496597936,0.4124379313002385,0.26144637139878224,2026-07-14 09:18:24
0.4199366783520547,0.004579681177530993,0.6318727937647685,0.5643400253056465,2026-07-14 09:18:25
0.6158757744305322,0.12456697781145196,0.44544004121030073,0.7801414938185292,2026-07-14 09:18:26
0.418334997358517,0.04598270619682057,0.05130669748274751,0.5483104405432835,2026-07-14 09:18:27
0.46927321617325324,0.14743325415793682,0.23852015817306965,0.5254132413088946,2026-07-14 09:18:28
0.7701507908724734,0.16215737264903932,0.3705754826538181,0.4825341494428006,2026-07-14 09:18:29
0.5206192708803847,0.020329558828635977,0.2712255801031034,0.22985346683413743,2026-07-14 09:18:30
0.5690047695806097,0.09143212837855183,0.5612368998745927,0.6980318378285548,2026-07-14 09:18:31
0.6463801217565484,0.05456092022883232,0.5484536215459462,0.38343945403057766,2026-07-14 09:18:32
0.6019935308526955,0.1811220003311317,0.4117878759335691,0.5618732902656625,2026-07-14 09:18:33
0.5610596999634353,0.020736457684290305,0.25118130673116884,0.23110886523454344,2026-07-14 09:18:34
0.5864954702811045,0.09668861214398333,0.1715955551575396,0.29247368660871054,2026-07-14 09:18:35
0.8281714080921044,0.07988960581052497,0.07089379607333272,0.7107526757437532,2026-07-14 09:18:36
0.5363950804037788,0.02986921407374698,0.23867611944499595,0.425603417059889,2026-07-14 09:18:37
0.5670682570567231,0.012528535205877834,0.2779394511612746,0.7136624303594745,2026-07-14 09:18:38
0.6677901899846795,0.09002018270526503,0.45490314941898263,0.4686498823236067,2026-07-14 09:18:39
0.6742956722572246,0.11453839646907117,0.4430024344478853,0.18649588792577965,2026-07-14 09:18:40
0.6839587012257655,0.03236798740215424,0.04679592665322595,0.6238795894023017,2026-07-14 09:18:41
0.6189531141456489,0.08836795680948013,0.2658702278183288,0.38679351632128567,2026-07-14 09:18:42
0.407713426363013,0.04291124843734303,0.12203534888475286,0.5929425738327136,2026-07-14 09:18:43
0.736883321683011,0.1066239766220805,0.1052141134767859,0.4851986061084905,2026-07-14 09:18:44
0.4073173843254744,0.018956138815283984,0.5569639991050584,0.23429506805788458,2026-07-14 09:18:45
0.5791062535743615,0.1886062283740131,0.027800624321652187,0.5074494475626512,2026-07-14 09:18:46
0.4538005266492242,0.028918394903697468,0.2819889986603077,0.8325202635466482,2026-07-14 09:18:47
0.5356221329625204,0.03913622347985505,0.11288889584014274,0.5600340160535207,2026-07-14 09:18:48
0.5822038226857617,0.005098114901806674,0.5920185000133109,0.4719635627411858,2026-07-14 09:18:49
0.5813258745450735,0.010083005513885966,0.3748721490729574,0.6532003151031787,2026-07-14 09:18:50
0.5932485279860005,0.06191976129199145,0.15545510475298518,0.5148683785727264,2026-07-14 09:18:51
0.7345453185931814,0.026576499380804162,0.33807586711254084,0.5146869220402133,2026-07-14 09:18:52
0.5969965799419686,0.15407061087816187,0.4924070212890757,0.3065255746701099,2026-07-14 09:18:53
0.5142794505638896,0.0012522857269335573,0.6451026714073482,0.5185766779203305,2026-07-14 09:18:54
0.6575269169544318,0.040677138114445406,0.14808777204422024,0.6468170581904706,2026-07-14 09:18:55
0.6842480054898745,0.035121306130843674,0.5966348140639103,0.34741091315703976,2026-07-14 09:18:56
0.39768304062205584,0.0016547913651151402,0.6290577890902923,0.7090582199084361,2026-07-14 09:18:57
0.6140530769448068,0.011327414635573983,0.6170085307393106,0.4664940740901873,2026-07-14 09:18:58
0.6263562001775408,0.0455649973582124,0.4276774171815741,0.3391386956334701,2026-07-14 09:18:59
0.5079476171076569,0.05795759289999552,0.42390859657931773,0.6407679458673758,2026-07-14 09:19:00
0.7063278883241981,0.04421390314533193,0.27122751854863303,0.43528358219683083,2026-07-14 09:19:01
0.5254359213918309,0.06462062680438868,0.5064963973736349,0.602673616385276,2026-07-14 09:19:02
0.5581144183485764,0.07718589208840997,0.35752515541917046,0.4344893709213986,2026-07-14 09:19:03
0.5227071528582516,0.0008399984996328831,0.4559913724819428,0.47159426311430686,2026-07-14 09:19:04
0.5450733006067672,0.05324660940320262,0.2882381541824067,0.5601258047326647,2026-07-14 09:19:05
0.41325364029661393,0.28262268722884126,0.4924138292030375,0.5277034638495786,2026-07-14 09:19:06
0.3724961279514927,0.062480691585684554,0.5550568285256515,0.16191729905936714,2026-07-14 09:19:07
0.7322682613332975,0.09661684714386666,0.09822286319122132,0.3017871536917833,2026-07-14 09:19:08
0.4428118811762295,0.031899770012993496,0.5607556355646297,0.6298536777218771,2026-07-14 09:19:09
0.4256883710700904,0.12695976947693627,0.36359070119389947,0.4600259343534523,2026-07-14 09:19:10
0.2879237616654896,0.12655655877723818,0.5686630293687862,0.3973780503890154,2026-07-14 09:19:11
0.46747198347682906,0.06288348397496014,0.2901541984412688,0.26381871588338823,2026-07-14 09:19:12
0.38636284892507233,0.3184687128107695,0.2549426066898604,0.3084275700858399,2026-07-14 09:19:13
0.7379009829664374,0.011442723554062851,0.6160923419353055,0.15771508920202826,2026-07-14 09:19:14
0.6629485837652696,0.001447843158423907,0.1687879199715997,0.4649623007226742,2026-07-14 09:19:15
0.4616402614811358,0.12552389373252495,0.5683574221242255,0.38542643291854173,2026-07-14 09:19:16
0.810271485177583,0.14050818830550607,0.3256741338559241,0.32652921824535763,2026-07-14 09:19:17
0.6596228303427578,0.010922647320026003,0.34593741945236955,0.47026685209758545,2026-07-14 09:19:18
0.5047147805447365,0.026342531781025424,0.20739378201745384,0.5393938789049555,2026-07-14 09:19:19
0.24690070152921129,0.0015003767565081826,0.3856534678359262,0.8160381426974466,2026-07-14 09:19:20
0.8148367863449488,0.029628110942588146,0.21867451119660714,0.23929205750057214,2026-07-14 09:19:21
0.3784807687613497,0.12663946211229055,0.026017984825617985,0.6666447774952067,2026-07-14 09:19:22
0.34815041129106594,0.062290655349289806,0.1828219231096636,0.6368435187502985,2026-07-14 09:19:23
0.6644605998167051,0.03651771077328657,0.0038577235617680283,0.3565249615121431,2026-07-14 09:19:24
0.832479443890828,0.0396717723944859,0.6587374307389701,0.5136793148642265,2026-07-14 09:19:25
0.7073434602958446,0.00010414643183189288,0.6502429322463998,0.40795251177761394,2026-07-14 09:19:26
0.610082443127945,0.03041603964025906,0.265800144536025,0.5108720607778534,2026-07-14 09:19:27
0.613739403613253,0.08875975427520187,0.4903079141318582,0.7225982793367134,2026-07-14 09:19:28
0.6444058667024617,0.3122266125091236,0.2325505606423945,0.5780510890401547,2026-07-14 09:19:29
0.6332036417250575,0.16030232596514965,0.45171641444648697,0.5625332323757881,2026-07-14 09:19:30
0.5765638820993715,0.0020271149900948056,0.5422274185690741,0.4123238331892858,2026-07-14 09:19:31
0.5555801908583676,0.1953563414092036,0.637447553593217,0.24374382161785446,2026-07-14 09:19:32
0.5358053316366648,0.13051065011023133,0.2692073412079649,0.4478142920460497,2026-07-14 09:19:33
0.4538374292771338,0.12940639639710333,0.527315691475463,0.6742002385379773,2026-07-14 09:19:34
0.5099498821300888,0.05228037843585147,0.17873208736382368,0.2368468313435821,2026-07-14 09:19:35
0.34251200237213303,0.04331793408948553,0.6668074188066172,0.3123706249922087,2026-07-14 09:19:36
0.5315672835010935,0.030796731442290372,0.01692233067532027,0.5013658289016307,2026-07-14 09:19:37
0.4260204819088172,0.005790059246428399,0.40619416513555306,0.3236388506531198,2026-07-14 09:19:38
0.41238647676644324,0.02210762244655943,0.4439094232687481,0.3543762976253211,2026-07-14 09:19:39
0.5645542383170767,0.024164199080645436,0.4631382866616303,0.4133974267155436,2026-07-14 09:19:40
0.7082598537261271,0.05649087144369411,0.08067227038018827,0.2626919044200515,2026-07-14 09:19:41
0.652100431783703,0.11747794038283706,0.6319048818244305,0.3253239252820186,2026-07-14 09:19:42
0.35703021620968367,0.05480849078630451,0.12163406458611271,0.5937007423708871,2026-07-14 09:19:43
0.42589753334788577,0.005075683543736605,0.4191469557428286,0.2720104425219625,2026-07-14 09:19:44
0.6547626113610461,0.27021493701137494,0.1495903103456232,0.2255354595576351,2026-07-14 09:19:45
0.4267441285006637,0.24415663579922253,0.2065503241001913,0.38037303553025614,2026-07-14 09:19:46
0.516594123972634,0.13129838559599935,0.36774242544222874,0.5982646264500904,2026-07-14 09:19:47
0.6084395767229414,0.4053285294275444,0.2806485791620186,0.4496615020852368,2026-07-14 09:19:48
0.4284208928477787,0.0671222725476243,0.10751359072696641,0.40684098816487735,2026-07-14 09:19:49
0.5557194261172844,0.2809299891538762,0.11473011496569031,0.4882619194086404,2026-07-14 09:19:50
0.38506632952230646,0.006700491655459814,0.28128957524445364,0.2018845564944125,2026-07-14 09:19:51
0.4719290807081835,0.038852394583244375,0.5097877863207226,0.56030905537704,2026-07-14 09:19:52
0.5811391116951278,0.021792468229830553,0.6045736598589102,0.5425078216216486,2026-07-14 09:19:53
0.3543634664518612,0.01859629993146195,0.05624173939793779,0.4156835786299813,2026-07-14 09:19:54
0.595448258828568,0.01294506820590934,0.264417997261008,0.6420945814921808,2026-07-14 09:19:55
0.5408980472170012,0.08314201794347022,0.06710135874510718,0.3007868923542141,2026-07-14 09:19:56
0.6087286049864271,0.12977483630645856,0.010739143004110607,0.6616098337903238,2026-07-14 09:19:57
0.569773177577434,0.07370796572484317,0.44540025571759284,0.5058814535634983,2026-07-14 09:19:58
0.7049565962856789,0.013559358723056794,0.4054669310096705,0.42732316933626846,2026-07-14 09:19:59
